Shipment_ID,Ship_Date,Region,Transport_Mode,Shipment_Type,Carrier,Distance_km,Volume_Units,Expected_Delivery_Days,Actual_Delivery_Days,Delivery_Delay_Days,Transport_Cost_INR,On_Time,Customer_Satisfaction
SHP100000,02-02-2025,West,Road,Standard,Carrier A,914.4,50,5.83,6.27,0.44,5691,1,8.54
SHP100001,10-10-2025,Central,Road,Express,Carrier B,588.1,163,5.11,5.98,0.88,4709,1,7.82
SHP100002,27-08-2025,North,Rail,Standard,Carrier D,388.9,96,6.36,6.53,0.17,1875,1,8.38
SHP100003,10-06-2025,North,Road,Standard,Carrier A,725,73,5.41,6.14,0.73,4539,1,7.98
SHP100004,08-06-2025,East,Road,Standard,Carrier E,1810.2,95,7.82,9.96,2.14,9905,0,5.53
SHP100005,10-11-2025,West,Road,Express,Carrier A,658.2,38,5.26,4.41,0.00,5409,1,8.12
SHP100006,01-02-2025,East,Road,Bulk,Carrier D,729.1,248,5.42,4.83,0.00,3823,1,8.99
SHP100007,12-09-2025,North,Road,Fragile,Carrier D,1452.4,30,7.03,8.56,1.53,10592,0,6.28
SHP100008,15-03-2025,South,Air,Express,Carrier E,897.9,65,3.70,4.75,1.05,17245,0,4.42
SHP100009,04-02-2025,East,Road,Express,Carrier D,1235.1,50,6.54,8.03,1.48,8922,0,6.35
SHP100010,12-07-2025,South,Rail,Express,Carrier C,955,49,7.62,7.84,0.22,4441,1,8.58
SHP100011,23-12-2025,South,Road,Standard,Carrier D,921.9,45,5.85,3.25,0.00,6731,1,9.31
SHP100012,26-09-2025,West,Sea,Standard,Carrier B,239.1,37,9.03,8.30,0.00,731,1,9.58
SHP100013,05-10-2025,East,Road,Express,Carrier C,353.5,131,4.59,3.91,0.00,2900,1,8.69
SHP100014,19-09-2025,Central,Road,Express,Carrier E,838.5,28,5.66,5.31,0.00,6221,1,8.2
SHP100015,14-10-2025,South,Road,Standard,Carrier A,413.1,114,4.72,6.76,2.04,2633,0,7.52
SHP100016,07-07-2025,South,Road,Bulk,Carrier B,725.5,92,5.41,4.27,0.00,3478,1,8.63
SHP100017,16-02-2025,Central,Road,Express,Carrier A,332.3,47,4.54,6.72,2.18,2401,0,6.6
SHP100018,03-11-2025,South,Air,Standard,Carrier C,1459.6,85,4.94,4.60,0.00,21202,1,5.74
SHP100019,14-06-2025,South,Road,Standard,Carrier D,446.5,54,4.79,4.01,0.00,2693,1,9.55
SHP100020,02-07-2025,North,Road,Standard,Carrier A,388.2,29,4.66,6.03,1.37,2216,0,7.94
SHP100021,16-05-2025,West,Road,Standard,Carrier C,284.7,30,4.43,5.50,1.06,1547,0,7.8
SHP100022,08-03-2025,Central,Air,Standard,Carrier C,1128.2,92,4.21,5.25,1.05,15868,0,5.22
SHP100023,05-12-2025,East,Sea,Standard,Carrier D,724.8,89,10.11,9.93,0.00,2111,1,8.81
SHP100024,13-10-2025,East,Air,Standard,Carrier B,1427,71,4.87,6.15,1.28,19576,0,3.59
SHP100025,24-08-2025,South,Rail,Standard,Carrier A,522.8,47,6.66,5.57,0.00,2062,1,9.11
SHP100026,27-05-2025,North,Air,Fragile,Carrier A,347.4,53,2.47,2.31,0.00,7628,1,8.17
SHP100027,28-10-2025,North,Rail,Fragile,Carrier C,704.1,49,7.06,7.71,0.64,3677,1,7.54
SHP100028,19-07-2025,South,Road,Standard,Carrier C,1602.7,19,7.36,6.52,0.00,11117,1,6.54
SHP100029,11-06-2025,South,Rail,Standard,Carrier E,235.2,63,6.02,7.33,1.31,921,0,7.72
SHP100030,14-06-2025,North,Air,Standard,Carrier C,885.1,85,3.67,3.40,0.00,15144,1,7.06
SHP100031,24-03-2025,South,Road,Standard,Carrier A,942,63,5.89,5.74,0.00,5725,1,8.66
SHP100032,03-02-2025,West,Rail,Standard,Carrier D,1764.8,191,9.42,8.41,0.00,7355,1,7.63
SHP100033,22-07-2025,East,Road,Standard,Carrier A,425,31,4.74,6.64,1.89,2622,0,6.81
SHP100034,21-11-2025,South,Road,Standard,Carrier B,225.1,39,4.30,3.63,0.00,1324,1,9.08
SHP100035,24-01-2025,North,Road,Bulk,Carrier D,557.5,66,5.04,6.75,1.71,3115,0,7.21
SHP100036,10-11-2025,East,Rail,Standard,Carrier B,1224.3,71,8.22,10.15,1.93,4878,0,5.64
SHP100037,30-10-2025,East,Sea,Fragile,Carrier C,755,18,10.18,10.71,0.54,2143,1,9
SHP100038,12-04-2025,East,Road,Standard,Carrier C,1004.7,89,6.03,6.77,0.73,5933,1,8.32
SHP100039,19-08-2025,North,Road,Standard,Carrier E,362.1,71,4.60,4.46,0.00,2406,1,9.06
SHP100040,02-03-2025,East,Road,Bulk,Carrier B,632.8,15,5.21,6.53,1.33,3275,0,7.42
SHP100041,04-10-2025,South,Road,Standard,Carrier E,772.9,56,5.52,5.39,0.00,4803,1,9.03
SHP100042,13-09-2025,North,Sea,Express,Carrier D,258.4,36,9.07,8.29,0.00,939,1,8.68
SHP100043,10-05-2025,South,Road,Bulk,Carrier D,770,45,5.51,5.66,0.15,4036,1,8.27
SHP100044,25-01-2025,North,Road,Express,Carrier A,595.1,25,5.12,3.00,0.00,4651,1,8.73
SHP100045,21-12-2025,North,Road,Standard,Carrier A,3000,79,10.47,10.78,0.31,17218,1,7.25
SHP100046,12-06-2025,South,Sea,Standard,Carrier D,735.7,190,10.13,10.98,0.85,2122,1,7.33
SHP100047,22-11-2025,East,Road,Standard,Carrier C,1823.9,72,7.85,8.71,0.86,11684,1,7.28
SHP100048,05-09-2025,North,Air,Standard,Carrier B,1000,15,3.92,5.42,1.49,15019,0,4.92
SHP100049,12-10-2025,South,Road,Standard,Carrier E,679.5,73,5.31,4.98,0.00,4100,1,8.7
SHP100050,05-10-2025,South,Road,Bulk,Carrier B,1660.4,53,7.49,7.06,0.00,10097,1,8.39
SHP100051,13-03-2025,North,Rail,Express,Carrier C,327.6,29,6.23,4.64,0.00,1749,1,10
SHP100052,13-05-2025,North,Road,Standard,Carrier D,549.4,76,5.02,4.95,0.00,3638,1,9.03
SHP100053,20-06-2025,North,Rail,Standard,Carrier E,1269.4,107,8.32,10.98,2.66,5039,0,5.87
SHP100054,01-07-2025,South,Road,Express,Carrier E,155.1,39,4.14,3.86,0.00,1226,1,8.69
SHP100055,16-01-2025,East,Air,Bulk,Carrier D,720.1,21,3.30,3.33,0.03,8062,1,7.73
SHP100056,19-07-2025,Central,Air,Standard,Carrier A,716.2,16,3.29,2.43,0.00,10670,1,6.88
SHP100057,26-02-2025,North,Air,Standard,Carrier A,867,39,3.63,2.19,0.00,9281,1,7.57
SHP100058,29-09-2025,West,Road,Bulk,Carrier D,637.4,55,5.22,4.26,0.00,3315,1,9.16
SHP100059,07-09-2025,Central,Rail,Bulk,Carrier C,1237.7,43,8.25,9.42,1.17,4139,0,7.36
SHP100060,03-12-2025,Central,Sea,Bulk,Carrier A,439.3,39,9.48,9.29,0.00,1105,1,10
SHP100061,29-09-2025,West,Road,Standard,Carrier D,1345.5,87,6.79,5.69,0.00,7825,1,9.23
SHP100062,14-05-2025,Central,Road,Standard,Carrier E,354.9,82,4.59,3.91,0.00,1929,1,9
SHP100063,20-12-2025,Central,Air,Standard,Carrier A,910.5,69,3.72,4.77,1.05,15122,0,5.2
SHP100064,30-05-2025,East,Road,Standard,Carrier E,1540.8,103,7.22,7.83,0.61,8725,1,7.83
SHP100065,29-04-2025,North,Rail,Bulk,Carrier B,414.1,39,6.42,6.10,0.00,1238,1,9.89
SHP100066,27-11-2025,South,Air,Standard,Carrier B,483.5,30,2.77,2.52,0.00,7455,1,8.4
SHP100067,16-05-2025,South,Road,Express,Carrier D,1374.6,43,6.85,8.79,1.94,10935,0,5.54
SHP100068,28-01-2025,North,Rail,Bulk,Carrier B,829.4,41,7.34,9.15,1.80,2590,0,7.02
SHP100069,21-06-2025,North,Rail,Bulk,Carrier A,226.9,16,6.00,8.09,2.09,722,0,6.12
SHP100070,18-10-2025,North,Road,Express,Carrier E,849.9,42,5.69,3.37,0.00,6707,1,7.61
SHP100071,11-03-2025,West,Sea,Bulk,Carrier B,1110.6,124,10.97,10.79,0.00,3297,1,8.82
SHP100072,18-06-2025,West,Road,Standard,Carrier A,1409.6,102,6.93,6.19,0.00,8767,1,7.83
SHP100073,17-02-2025,East,Road,Standard,Carrier D,896.9,85,5.79,7.12,1.33,5308,0,7.01
SHP100074,08-09-2025,South,Sea,Standard,Carrier B,1020.8,66,10.77,12.09,1.32,3190,0,7.15
SHP100075,23-06-2025,South,Road,Bulk,Carrier D,1935,155,8.10,8.58,0.48,9832,1,6.23
SHP100076,01-05-2025,East,Air,Bulk,Carrier A,1292.6,30,4.57,4.27,0.00,16798,1,5.44
SHP100077,24-03-2025,East,Road,Standard,Carrier C,622.3,32,5.18,5.12,0.00,3700,1,9.19
SHP100078,26-07-2025,Central,Road,Standard,Carrier C,675.6,125,5.30,6.31,1.01,4332,0,7.05
SHP100079,02-09-2025,Central,Road,Standard,Carrier E,1502.4,61,7.14,8.27,1.13,8407,0,6.46
SHP100080,10-12-2025,Central,Rail,Standard,Carrier C,885.4,39,7.47,7.93,0.46,2978,1,8.02
SHP100081,09-06-2025,North,Air,Fragile,Carrier E,804.5,86,3.49,4.39,0.90,15627,1,5.17
SHP100082,28-02-2025,North,Sea,Standard,Carrier B,609.6,45,9.85,10.31,0.46,2026,1,7.97
SHP100083,31-10-2025,South,Sea,Fragile,Carrier C,1467.4,35,11.76,12.52,0.76,4499,1,8.26
SHP100084,18-08-2025,West,Rail,Express,Carrier E,430.4,34,6.46,6.58,0.12,2229,1,8.74
SHP100085,13-09-2025,Central,Air,Standard,Carrier A,550.2,74,2.92,3.95,1.02,7760,0,7.17
SHP100086,05-02-2025,North,Road,Standard,Carrier E,1464.6,69,7.05,7.48,0.43,9369,1,7.73
SHP100087,25-04-2025,West,Sea,Bulk,Carrier D,1453.7,162,11.73,11.67,0.00,3808,1,8.94
SHP100088,08-10-2025,North,Rail,Express,Carrier D,2657.8,50,11.41,11.01,0.00,17774,1,6.88
SHP100089,31-10-2025,South,Sea,Standard,Carrier B,721.8,49,10.10,9.31,0.00,2031,1,9.07
SHP100090,08-06-2025,South,Road,Standard,Carrier E,615.8,154,5.17,4.36,0.00,4437,1,9.41
SHP100091,21-10-2025,South,Road,Bulk,Carrier E,656.9,115,5.26,5.99,0.73,3968,1,8.28
SHP100092,04-11-2025,Central,Air,Fragile,Carrier B,245.3,66,2.25,2.08,0.00,4690,1,9.14
SHP100093,22-05-2025,North,Road,Fragile,Carrier C,170.6,22,4.18,5.87,1.69,1236,0,6.57
SHP100094,24-11-2025,East,Road,Express,Carrier A,895,36,5.79,5.73,0.00,7125,1,8.36
SHP100095,16-04-2025,West,Sea,Bulk,Carrier B,585.6,30,9.80,10.74,0.94,1458,1,6.97
SHP100096,29-03-2025,South,Road,Standard,Carrier A,450.8,62,4.80,5.63,0.83,2970,1,8.63
SHP100097,07-09-2025,South,Road,Express,Carrier C,797.2,43,5.57,5.94,0.37,5767,1,7.63
SHP100098,21-08-2025,East,Road,Standard,Carrier C,908.3,171,5.82,5.97,0.15,5458,1,8.03
SHP100099,21-02-2025,South,Road,Express,Carrier C,689.9,22,5.33,5.20,0.00,5272,1,7.77
SHP100100,31-10-2025,Central,Rail,Bulk,Carrier D,701.6,28,7.06,8.21,1.15,1909,0,7.63
SHP100101,14-03-2025,South,Sea,Bulk,Carrier E,581.1,71,9.79,8.11,0.00,1585,1,8.99
SHP100102,21-10-2025,West,Sea,Standard,Carrier A,1162.9,85,11.08,13.04,1.96,3777,0,7.33
SHP100103,03-01-2025,East,Rail,Express,Carrier B,525.5,11,6.67,9.27,2.61,2475,0,6.2
SHP100104,18-10-2025,South,Rail,Bulk,Carrier B,389.2,20,6.36,7.55,1.19,1388,0,7.4
SHP100105,15-10-2025,South,Road,Bulk,Carrier E,565.2,51,5.06,6.08,1.03,2422,0,6.8
SHP100106,12-10-2025,Central,Sea,Fragile,Carrier A,869.6,146,10.43,11.76,1.33,3237,0,5.95
SHP100107,31-08-2025,South,Road,Standard,Carrier A,1206.6,206,6.48,6.21,0.00,7292,1,7.62
SHP100108,22-06-2025,North,Road,Standard,Carrier A,2167.6,46,8.62,8.89,0.27,12763,1,6.2
SHP100109,15-09-2025,North,Sea,Bulk,Carrier D,799.8,54,10.28,11.79,1.51,2017,0,7.37
SHP100110,12-04-2025,South,Sea,Fragile,Carrier C,1838.1,35,12.58,11.92,0.00,6267,1,8.28
SHP100111,12-10-2025,East,Road,Express,Carrier E,496.7,91,4.90,3.68,0.00,3912,1,8.76
SHP100112,22-07-2025,East,Rail,Express,Carrier B,440.4,163,6.48,6.02,0.00,2505,1,8.46
SHP100113,17-06-2025,North,Road,Standard,Carrier B,992.1,137,6.00,7.16,1.15,6723,0,6.92
SHP100114,04-07-2025,East,Road,Standard,Carrier C,1085.1,59,6.21,5.92,0.00,6046,1,7.61
SHP100115,27-07-2025,South,Road,Fragile,Carrier A,851.5,35,5.69,5.88,0.19,7443,1,7.87
SHP100116,14-01-2025,South,Road,Standard,Carrier E,3000,61,10.47,10.44,0.00,16389,1,7.13
SHP100117,21-02-2025,West,Road,Express,Carrier E,515.1,148,4.94,3.08,0.00,4375,1,8.47
SHP100118,31-03-2025,Central,Road,Express,Carrier A,1628.4,47,7.42,4.21,0.00,13523,1,7.39
SHP100119,11-02-2025,South,Road,Fragile,Carrier E,448.4,19,4.80,4.07,0.00,3099,1,7.8
SHP100120,10-06-2025,South,Road,Standard,Carrier C,1139,48,6.33,6.73,0.40,7607,1,6.5
SHP100121,01-09-2025,West,Sea,Express,Carrier B,778.1,50,10.23,10.09,0.00,3209,1,9.05
SHP100122,27-08-2025,East,Rail,Standard,Carrier E,888.6,18,7.47,8.74,1.27,3248,0,7.85
SHP100123,21-06-2025,South,Sea,Standard,Carrier C,998.7,70,10.72,11.52,0.80,3241,1,7.73
SHP100124,09-11-2025,North,Road,Standard,Carrier B,796.4,84,5.57,5.25,0.00,4225,1,9.88
SHP100125,26-07-2025,East,Rail,Standard,Carrier E,699.9,202,7.06,6.79,0.00,2737,1,8.15
SHP100126,29-01-2025,North,Sea,Bulk,Carrier D,211.1,25,8.97,9.80,0.83,580,1,7.89
SHP100127,07-10-2025,South,Road,Bulk,Carrier A,1324.6,97,6.74,6.60,0.00,7235,1,8.27
SHP100128,29-07-2025,South,Road,Standard,Carrier D,315.4,113,4.50,5.64,1.14,1984,0,7.9
SHP100129,20-08-2025,North,Road,Fragile,Carrier D,590.3,85,5.11,6.30,1.19,4279,0,6.88
SHP100130,26-07-2025,North,Road,Standard,Carrier B,929.5,31,5.87,7.74,1.88,5287,0,5.59
SHP100131,22-07-2025,Central,Road,Express,Carrier C,355.4,30,4.59,3.65,0.00,3140,1,9.22
SHP100132,03-02-2025,West,Road,Bulk,Carrier E,699.4,64,5.35,6.58,1.23,3689,0,7.32
SHP100133,24-07-2025,West,Road,Express,Carrier A,1233.2,64,6.54,8.18,1.64,8876,0,5.68
SHP100134,18-10-2025,Central,Rail,Standard,Carrier D,581.4,42,6.79,7.15,0.36,2011,1,8.89
SHP100135,21-04-2025,North,Road,Standard,Carrier E,707,140,5.37,6.35,0.97,4855,1,7.3
SHP100136,09-08-2025,North,Road,Standard,Carrier E,404.3,47,4.70,4.03,0.00,2237,1,8.95
SHP100137,12-01-2025,Central,Rail,Bulk,Carrier B,627.2,18,6.89,8.22,1.33,2088,0,7.29
SHP100138,07-05-2025,South,Road,Express,Carrier B,321.3,52,4.51,5.21,0.70,2947,1,7.58
SHP100139,09-06-2025,East,Road,Standard,Carrier E,861.7,82,5.71,5.85,0.13,5337,1,7.84
SHP100140,25-12-2025,East,Road,Standard,Carrier C,273.2,75,4.41,5.78,1.37,1539,0,7.14
SHP100141,20-03-2025,South,Road,Bulk,Carrier C,502.5,75,4.92,5.34,0.42,2343,1,8.5
SHP100142,11-04-2025,North,Road,Standard,Carrier C,782.4,159,5.54,6.39,0.85,5713,1,6.36
SHP100143,30-05-2025,South,Road,Express,Carrier C,669.7,29,5.29,5.62,0.33,4751,1,8.71
SHP100144,29-12-2025,South,Road,Express,Carrier D,961.9,46,5.94,5.93,0.00,7192,1,8.21
SHP100145,08-11-2025,North,Sea,Standard,Carrier C,708.5,165,10.07,10.31,0.24,2225,1,8.14
SHP100146,13-01-2025,North,Sea,Standard,Carrier B,210.6,17,8.97,10.33,1.36,612,0,8.49
SHP100147,27-03-2025,East,Road,Standard,Carrier C,351.4,58,4.58,6.56,1.98,2267,0,6.57
SHP100148,27-10-2025,Central,Road,Standard,Carrier D,758.9,134,5.49,5.15,0.00,3908,1,8.01
SHP100149,22-01-2025,East,Road,Express,Carrier E,1436,133,6.99,6.99,0.00,11189,1,8.4
SHP100150,09-11-2025,South,Sea,Fragile,Carrier C,1282.9,93,11.35,9.77,0.00,4810,1,9.34
SHP100151,13-04-2025,South,Air,Standard,Carrier D,3000,94,8.37,9.14,0.77,46615,1,1
SHP100152,01-12-2025,South,Road,Standard,Carrier C,540.4,31,5.00,6.51,1.51,2996,0,6.84
SHP100153,18-04-2025,South,Road,Standard,Carrier D,1207.8,147,6.48,6.29,0.00,6450,1,8.07
SHP100154,08-06-2025,Central,Road,Standard,Carrier B,1155.9,28,6.37,6.82,0.45,6896,1,6.64
SHP100155,30-08-2025,North,Sea,Fragile,Carrier C,1880.2,29,12.68,13.17,0.50,5631,1,8.02
SHP100156,16-02-2025,South,Sea,Fragile,Carrier A,1578.8,78,12.01,12.02,0.01,6197,1,8.82
SHP100157,23-07-2025,East,Road,Fragile,Carrier B,902.1,44,5.80,7.12,1.32,6549,0,7.02
SHP100158,04-07-2025,North,Rail,Standard,Carrier D,1089.1,69,7.92,7.42,0.00,3809,1,8.78
SHP100159,14-10-2025,South,Road,Express,Carrier A,964.1,80,5.94,5.07,0.00,6868,1,8.77
SHP100160,30-12-2025,South,Rail,Standard,Carrier B,740.7,192,7.15,6.21,0.00,2936,1,8.29
SHP100161,31-08-2025,West,Sea,Bulk,Carrier D,1041.2,80,10.81,11.49,0.68,2246,1,9.18
SHP100162,30-05-2025,East,Road,Express,Carrier E,844.9,40,5.68,5.95,0.28,7026,1,7.46
SHP100163,29-05-2025,South,Road,Bulk,Carrier C,822.5,94,5.63,5.23,0.00,3943,1,8.38
SHP100164,02-06-2025,Central,Rail,Standard,Carrier C,1933.6,35,9.80,10.14,0.34,7506,1,7.4
SHP100165,25-10-2025,East,Road,Standard,Carrier C,913.1,109,5.83,6.28,0.45,5738,1,7.53
SHP100166,28-04-2025,East,Air,Fragile,Carrier D,799.9,63,3.48,5.84,2.37,15583,0,3.74
SHP100167,02-03-2025,South,Road,Standard,Carrier C,682.7,78,5.32,4.91,0.00,4221,1,8.57
SHP100168,03-05-2025,South,Sea,Express,Carrier A,645.4,19,9.93,10.06,0.13,2747,1,8.85
SHP100169,09-01-2025,Central,Road,Standard,Carrier C,344.5,14,4.57,4.05,0.00,2304,1,8.57
SHP100170,08-02-2025,North,Road,Bulk,Carrier B,741.2,23,5.45,6.78,1.34,3831,0,7.18
SHP100171,02-02-2025,West,Road,Standard,Carrier D,1480.8,188,7.09,8.28,1.19,9132,0,5.79
SHP100172,09-10-2025,East,Road,Bulk,Carrier A,530.2,29,4.98,6.93,1.95,2526,0,6.95
SHP100173,21-09-2025,South,Road,Standard,Carrier D,2448,97,9.24,11.03,1.79,12928,0,5.4
SHP100174,12-09-2025,East,Rail,Standard,Carrier A,159.9,40,5.86,6.89,1.04,733,0,7.98
SHP100175,18-06-2025,Central,Road,Standard,Carrier E,1017,52,6.06,7.78,1.72,6365,0,5.83
SHP100176,19-09-2025,East,Road,Standard,Carrier D,864.8,59,5.72,8.29,2.57,5476,0,5.45
SHP100177,28-02-2025,North,Road,Bulk,Carrier A,1912.8,176,8.05,7.16,0.00,9245,1,7.37
SHP100178,25-11-2025,Central,Road,Bulk,Carrier E,493.2,88,4.90,4.50,0.00,2985,1,8.92
SHP100179,02-07-2025,West,Sea,Bulk,Carrier C,318.5,77,9.21,7.49,0.00,815,1,9.18
SHP100180,09-12-2025,East,Sea,Bulk,Carrier D,660.1,140,9.97,11.89,1.92,1643,0,8.17
SHP100181,25-02-2025,East,Road,Express,Carrier A,594.9,40,5.12,3.39,0.00,4478,1,7.98
SHP100182,01-07-2025,East,Air,Standard,Carrier A,243.1,121,2.24,0.89,0.00,4301,1,7.22
SHP100183,12-09-2025,North,Air,Bulk,Carrier E,804.6,108,3.49,2.63,0.00,9084,1,7.54
SHP100184,30-06-2025,South,Sea,Standard,Carrier C,563.4,108,9.75,7.85,0.00,1676,1,8.18
SHP100185,12-06-2025,South,Road,Fragile,Carrier D,1701.3,55,7.58,8.34,0.76,15574,1,5.45
SHP100186,02-03-2025,West,Road,Standard,Carrier E,812.9,45,5.61,4.36,0.00,5255,1,7.81
SHP100187,20-05-2025,West,Road,Express,Carrier C,453.3,34,4.81,2.16,0.00,3350,1,8.34
SHP100188,29-03-2025,West,Sea,Standard,Carrier B,749.9,36,10.17,10.12,0.00,1902,1,8.5
SHP100189,21-04-2025,North,Air,Standard,Carrier E,854.4,33,3.60,4.02,0.42,10376,1,7.68
SHP100190,07-09-2025,East,Road,Standard,Carrier A,1078.3,77,6.20,4.75,0.00,6385,1,8.31
SHP100191,19-08-2025,Central,Road,Standard,Carrier C,773.2,52,5.52,5.00,0.00,4899,1,9.17
SHP100192,10-08-2025,South,Air,Standard,Carrier E,2374.5,80,6.98,6.99,0.01,39757,1,2.78
SHP100193,13-05-2025,East,Sea,Standard,Carrier B,337.2,83,9.25,9.54,0.29,856,1,9.41
SHP100194,17-12-2025,West,Road,Standard,Carrier B,557.4,30,5.04,4.66,0.00,2855,1,8.76
SHP100195,01-02-2025,West,Rail,Express,Carrier C,454.6,30,6.51,7.17,0.66,2286,1,9.08
SHP100196,06-05-2025,South,Road,Standard,Carrier A,612.7,52,5.16,7.73,2.57,4591,0,5.68
SHP100197,13-02-2025,East,Road,Fragile,Carrier A,919.6,36,5.84,6.53,0.69,7154,1,6.92
SHP100198,04-05-2025,Central,Road,Standard,Carrier B,880.1,34,5.76,4.54,0.00,5335,1,8.85
SHP100199,18-12-2025,East,Air,Express,Carrier E,1062.3,182,4.06,3.79,0.00,18550,1,6.32
SHP100200,14-05-2025,Central,Sea,Standard,Carrier B,809.8,22,10.30,10.82,0.52,1823,1,8.33
SHP100201,28-11-2025,Central,Road,Standard,Carrier D,840.4,225,5.67,5.91,0.24,5091,1,8.31
SHP100202,30-06-2025,North,Road,Express,Carrier C,820.1,73,5.62,6.02,0.40,6518,1,8.22
SHP100203,13-09-2025,West,Road,Express,Carrier D,576,115,5.08,6.92,1.84,4553,0,5.17
SHP100204,16-06-2025,North,Road,Standard,Carrier B,548.8,106,5.02,3.45,0.00,3177,1,8.68
SHP100205,08-04-2025,Central,Road,Standard,Carrier E,448.7,90,4.80,4.51,0.00,2535,1,9.35
SHP100206,06-10-2025,South,Road,Standard,Carrier B,1096.7,178,6.24,8.11,1.87,6032,0,6.19
SHP100207,20-12-2025,North,Road,Standard,Carrier D,178.3,30,4.20,4.00,0.00,1202,1,8.58
SHP100208,07-04-2025,Central,Road,Standard,Carrier E,829,55,5.64,6.85,1.21,4449,0,5.85
SHP100209,12-10-2025,North,Road,Express,Carrier C,1221.9,35,6.52,6.94,0.43,9358,1,8.24
SHP100210,06-04-2025,East,Air,Standard,Carrier D,1419.5,20,4.85,6.98,2.12,20538,0,3.22
SHP100211,19-09-2025,North,Road,Fragile,Carrier A,147.3,39,4.13,7.08,2.95,1164,0,6.35
SHP100212,15-10-2025,Central,Rail,Standard,Carrier C,587.6,204,6.81,7.49,0.68,2267,1,8.61
SHP100213,14-06-2025,Central,Sea,Standard,Carrier B,466,54,9.54,7.83,0.00,1492,1,8.71
SHP100214,26-09-2025,North,Rail,Standard,Carrier E,556.6,219,6.74,6.33,0.00,2205,1,7.66
SHP100215,10-04-2025,East,Road,Standard,Carrier E,1600.5,234,7.36,10.57,3.21,9545,0,3.54
SHP100216,29-01-2025,North,Road,Standard,Carrier D,468,423,4.84,3.61,0.00,3699,1,8.76
SHP100217,05-02-2025,West,Rail,Fragile,Carrier E,1220.2,208,8.21,9.13,0.92,5222,1,7.63
SHP100218,13-06-2025,West,Road,Fragile,Carrier E,836.2,279,5.66,3.12,0.00,6683,1,7.68
SHP100219,26-11-2025,East,Road,Standard,Carrier D,541.3,75,5.00,4.15,0.00,3579,1,8.9
SHP100220,16-02-2025,South,Road,Standard,Carrier C,506.5,70,4.93,6.05,1.12,3140,0,7.57
SHP100221,16-06-2025,South,Road,Bulk,Carrier B,890.4,73,5.78,5.92,0.14,4489,1,9.02
SHP100222,14-09-2025,East,Road,Standard,Carrier E,724.7,60,5.41,5.68,0.27,5198,1,8.03
SHP100223,15-03-2025,West,Rail,Standard,Carrier A,232.3,67,6.02,5.08,0.00,972,1,9.48
SHP100224,21-09-2025,North,Road,Bulk,Carrier A,399.2,98,4.69,2.79,0.00,2112,1,9.21
SHP100225,22-04-2025,South,Road,Standard,Carrier E,904.6,45,5.81,6.71,0.90,5127,1,7.91
SHP100226,23-10-2025,North,Air,Standard,Carrier A,327.2,25,2.43,2.50,0.07,4845,1,8.05
SHP100227,31-07-2025,Central,Road,Standard,Carrier A,1325.9,76,6.75,5.30,0.00,8581,1,6.28
SHP100228,19-07-2025,South,Rail,Express,Carrier C,268.6,38,6.10,5.53,0.00,1350,1,9.04
SHP100229,06-03-2025,North,Road,Standard,Carrier C,637.8,41,5.22,6.29,1.07,2970,0,7.44
SHP100230,19-06-2025,Central,Road,Express,Carrier A,1117.3,55,6.28,5.65,0.00,9283,1,7.22
SHP100231,09-11-2025,South,Sea,Standard,Carrier B,378.7,47,9.34,9.57,0.23,1020,1,8.11
SHP100232,08-01-2025,East,Road,Standard,Carrier B,312.8,124,4.50,5.24,0.74,2189,1,7.79
SHP100233,04-10-2025,South,Road,Standard,Carrier B,997,54,6.02,5.30,0.00,5854,1,8.36
SHP100234,29-06-2025,Central,Sea,Fragile,Carrier A,1243.7,128,11.26,11.98,0.71,4802,1,7.76
SHP100235,20-09-2025,East,Air,Standard,Carrier D,666.9,69,3.18,4.73,1.55,8867,0,4.73
SHP100236,31-08-2025,Central,Rail,Express,Carrier C,577.4,57,6.78,7.57,0.79,2833,1,6.98
SHP100237,07-06-2025,South,Road,Standard,Carrier E,261.9,67,4.38,5.39,1.01,1614,0,8.49
SHP100238,23-04-2025,West,Road,Standard,Carrier A,789.9,26,5.56,4.78,0.00,3946,1,8.64
SHP100239,17-08-2025,East,Rail,Standard,Carrier D,209.7,75,5.97,7.40,1.43,974,0,7.45
SHP100240,21-02-2025,South,Road,Standard,Carrier E,1613.9,105,7.39,8.02,0.64,7943,1,6.55
SHP100241,02-08-2025,South,Road,Standard,Carrier C,687.6,115,5.33,4.61,0.00,4677,1,8.62
SHP100242,04-02-2025,South,Air,Fragile,Carrier D,404.6,25,2.60,2.52,0.00,7505,1,7.94
SHP100243,26-08-2025,Central,Road,Bulk,Carrier C,503.4,22,4.92,6.00,1.08,2484,0,7.29
SHP100244,18-08-2025,East,Road,Fragile,Carrier C,827.9,43,5.64,8.27,2.63,6122,0,4.28
SHP100245,31-01-2025,West,Road,Express,Carrier E,558.7,148,5.04,2.26,0.00,4748,1,8.13
SHP100246,04-10-2025,East,Road,Standard,Carrier C,745,70,5.46,8.04,2.59,4225,0,6.55
SHP100247,01-06-2025,West,Rail,Express,Carrier C,367.6,36,6.32,6.96,0.64,1957,1,8.08
SHP100248,15-10-2025,North,Sea,Standard,Carrier E,1436.5,23,11.69,12.32,0.63,4356,1,8.32
SHP100249,16-01-2025,North,Road,Fragile,Carrier C,510.3,39,4.93,5.41,0.47,3314,1,8.15
SHP100250,07-03-2025,West,Road,Bulk,Carrier A,172.7,37,4.18,4.63,0.45,972,1,8.51
SHP100251,30-06-2025,South,Road,Standard,Carrier D,589.9,111,5.11,4.47,0.00,2759,1,8.59
SHP100252,10-03-2025,Central,Road,Bulk,Carrier D,461.2,117,4.82,4.92,0.10,1994,1,9.69
SHP100253,01-05-2025,East,Road,Fragile,Carrier B,1379.4,30,6.87,6.22,0.00,10354,1,7.88
SHP100254,30-08-2025,North,Sea,Standard,Carrier D,405.9,98,9.40,7.80,0.00,1290,1,8.75
SHP100255,22-02-2025,West,Road,Bulk,Carrier A,553.8,92,5.03,7.71,2.68,2653,0,5.39
SHP100256,05-09-2025,South,Road,Standard,Carrier B,842.3,28,5.67,5.84,0.17,4919,1,8.96
SHP100257,07-02-2025,Central,Sea,Standard,Carrier E,1066.5,57,10.87,11.40,0.53,2930,1,6.68
SHP100258,05-03-2025,Central,Road,Standard,Carrier D,1678.2,75,7.53,7.79,0.26,8907,1,7.76
SHP100259,03-08-2025,Central,Sea,Express,Carrier D,427.9,67,9.45,8.10,0.00,1462,1,9.45
SHP100260,17-10-2025,North,Road,Standard,Carrier D,1567.3,20,7.28,7.33,0.05,7327,1,7.71
SHP100261,04-03-2025,South,Road,Bulk,Carrier A,1347.5,66,6.79,7.00,0.20,7337,1,8.01
SHP100262,20-04-2025,South,Sea,Standard,Carrier E,456.8,91,9.52,9.39,0.00,1301,1,9.46
SHP100263,04-12-2025,South,Road,Standard,Carrier B,422.3,168,4.74,3.97,0.00,2876,1,8.24
SHP100264,28-12-2025,South,Road,Express,Carrier D,955.7,39,5.92,5.88,0.00,7205,1,8.66
SHP100265,01-08-2025,South,Road,Standard,Carrier E,733.9,42,5.43,5.75,0.32,4448,1,8.43
SHP100266,13-06-2025,Central,Rail,Express,Carrier B,954.2,53,7.62,7.67,0.05,4751,1,8.46
SHP100267,07-05-2025,South,Rail,Standard,Carrier D,601.9,73,6.84,7.75,0.91,2331,1,7.93
SHP100268,12-08-2025,South,Road,Bulk,Carrier A,780.4,64,5.53,5.44,0.00,4000,1,9.12
SHP100269,04-08-2025,East,Rail,Express,Carrier D,690.4,89,7.03,6.84,0.00,3383,1,10
SHP100270,18-04-2025,West,Rail,Standard,Carrier C,946.3,29,7.60,9.31,1.70,3100,0,7.09
SHP100271,09-01-2025,East,Road,Standard,Carrier A,412.9,78,4.72,4.33,0.00,2731,1,9.39
SHP100272,25-02-2025,West,Road,Standard,Carrier D,818.1,37,5.62,3.46,0.00,5536,1,8.58
SHP100273,16-12-2025,Central,Road,Bulk,Carrier E,1657.8,55,7.48,8.42,0.94,9741,1,7.65
SHP100274,02-06-2025,West,Road,Express,Carrier A,1601.1,183,7.36,5.93,0.00,12003,1,6.59
SHP100275,26-06-2025,West,Road,Standard,Carrier E,877.5,24,5.75,4.51,0.00,4737,1,7.65
SHP100276,20-06-2025,East,Road,Standard,Carrier E,407.4,50,4.71,6.42,1.72,2303,0,6.95
SHP100277,13-10-2025,North,Road,Bulk,Carrier C,2140.5,26,8.56,8.79,0.23,10524,1,7.72
SHP100278,24-01-2025,North,Road,Standard,Carrier E,946.5,67,5.90,4.85,0.00,5566,1,7.06
SHP100279,31-01-2025,North,Rail,Express,Carrier B,2015,119,9.98,11.90,1.93,9273,0,5.45
SHP100280,11-04-2025,South,Road,Fragile,Carrier D,970.5,67,5.96,4.55,0.00,5934,1,8.31
SHP100281,27-06-2025,East,Sea,Standard,Carrier D,138.6,56,8.81,9.41,0.60,450,1,8.98
SHP100282,02-09-2025,South,Sea,Standard,Carrier C,2132.2,143,13.24,11.17,0.00,4141,1,8.95
SHP100283,29-06-2025,South,Rail,Standard,Carrier E,1234,75,8.24,8.65,0.41,4597,1,7.13
SHP100284,11-06-2025,South,Sea,Standard,Carrier E,762.1,103,10.19,9.56,0.00,2130,1,8.45
SHP100285,09-12-2025,East,Sea,Bulk,Carrier D,222.8,96,9.00,10.64,1.64,734,0,6.78
SHP100286,28-02-2025,North,Road,Express,Carrier C,1316.4,9,6.73,6.41,0.00,11398,1,7.91
SHP100287,28-07-2025,West,Air,Fragile,Carrier E,964.8,57,3.84,5.75,1.90,18966,0,4.07
SHP100288,17-07-2025,East,Road,Standard,Carrier C,2502.2,30,9.36,9.57,0.21,14050,1,6.46
SHP100289,22-06-2025,South,Rail,Standard,Carrier D,1895.3,35,9.71,7.97,0.00,6274,1,8.43
SHP100290,22-10-2025,East,Road,Express,Carrier A,1979.7,157,8.20,8.47,0.27,14579,1,6.05
SHP100291,08-04-2025,North,Road,Standard,Carrier B,863,47,5.72,5.83,0.11,5208,1,9.52
SHP100292,15-12-2025,South,Road,Standard,Carrier E,839.1,206,5.66,3.67,0.00,4502,1,8.97
SHP100293,02-05-2025,West,Sea,Standard,Carrier C,971.5,24,10.66,9.45,0.00,3125,1,9.31
SHP100294,18-07-2025,Central,Road,Express,Carrier C,489,30,4.89,3.64,0.00,3731,1,9.54
SHP100295,10-07-2025,North,Road,Express,Carrier E,776.3,99,5.53,7.01,1.49,6535,0,7.01
SHP100296,07-11-2025,West,Road,Standard,Carrier B,681.1,48,5.31,6.13,0.81,3351,1,7.84
SHP100297,10-06-2025,North,Road,Bulk,Carrier B,1540.2,74,7.22,7.22,0.00,7081,1,8.12
SHP100298,14-04-2025,West,Sea,Standard,Carrier A,1732.4,56,12.35,12.89,0.54,4034,1,8.76
SHP100299,08-01-2025,West,Air,Standard,Carrier B,1138.2,55,4.23,1.88,0.00,18270,1,6.37
SHP100300,13-05-2025,West,Road,Standard,Carrier C,437.8,50,4.77,4.12,0.00,2598,1,8.56
SHP100301,29-10-2025,West,Road,Fragile,Carrier D,2214.9,68,8.72,9.53,0.81,16700,1,6.68
SHP100302,04-01-2025,South,Road,Standard,Carrier B,1312.2,92,6.72,7.01,0.29,7821,1,7.22
SHP100303,24-11-2025,West,Road,Standard,Carrier C,930.3,172,5.87,5.25,0.00,5934,1,7.46
SHP100304,18-07-2025,West,Air,Standard,Carrier B,1073.4,53,4.09,4.04,0.00,15120,1,7.43
SHP100305,21-02-2025,West,Air,Express,Carrier E,295.1,47,2.36,2.04,0.00,5760,1,8.04
SHP100306,21-04-2025,South,Road,Fragile,Carrier C,681.9,43,5.32,5.75,0.44,4849,1,8.28
SHP100307,22-07-2025,North,Rail,Standard,Carrier A,1620.5,157,9.10,10.49,1.39,6439,0,7.59
SHP100308,26-04-2025,North,Road,Bulk,Carrier D,285.6,95,4.43,5.20,0.77,1679,1,7.41
SHP100309,09-02-2025,South,Rail,Standard,Carrier B,280,18,6.12,6.81,0.69,1358,1,8.29
SHP100310,01-09-2025,South,Road,Standard,Carrier E,1317.3,17,6.73,8.80,2.07,8952,0,6.14
SHP100311,03-09-2025,North,Rail,Express,Carrier B,1027.4,35,7.78,8.43,0.65,4280,1,8.25
SHP100312,13-02-2025,East,Road,Express,Carrier E,287.9,70,4.44,6.44,2.00,2312,0,6.41
SHP100313,13-04-2025,South,Sea,Standard,Carrier D,643.2,59,9.93,9.26,0.00,1810,1,10
SHP100314,31-03-2025,East,Road,Express,Carrier A,930.3,84,5.87,4.04,0.00,8307,1,7.96
SHP100315,29-08-2025,West,Road,Standard,Carrier D,863.2,54,5.72,5.56,0.00,4956,1,8.79
SHP100316,24-09-2025,East,Road,Express,Carrier D,976.2,150,5.97,5.71,0.00,8258,1,8.93
SHP100317,23-09-2025,North,Road,Express,Carrier C,613,100,5.16,6.54,1.38,3873,0,7.57
SHP100318,09-12-2025,North,Road,Bulk,Carrier A,890.8,63,5.78,4.88,0.00,3849,1,9.49
SHP100319,08-10-2025,West,Rail,Standard,Carrier C,1136.9,127,8.03,7.94,0.00,5365,1,8.01
SHP100320,28-04-2025,Central,Air,Express,Carrier D,1084,21,4.11,4.17,0.07,21353,1,6.43
SHP100321,09-02-2025,North,Road,Express,Carrier A,624.7,57,5.19,5.00,0.00,4477,1,8.75
SHP100322,13-08-2025,West,Rail,Standard,Carrier B,1202.3,66,8.17,7.97,0.00,4698,1,8.21
SHP100323,01-12-2025,West,Rail,Standard,Carrier D,405.7,89,6.40,6.81,0.41,1496,1,8.76
SHP100324,22-12-2025,East,Road,Bulk,Carrier C,503.3,20,4.92,6.86,1.94,2481,0,6.66
SHP100325,26-03-2025,South,Road,Standard,Carrier E,1316.2,51,6.72,8.59,1.87,6610,0,6.99
SHP100326,28-03-2025,West,Road,Fragile,Carrier B,1187.1,78,6.44,6.83,0.39,7827,1,7.82
SHP100327,14-01-2025,North,Road,Standard,Carrier D,660.8,82,5.27,4.73,0.00,3784,1,8.34
SHP100328,21-02-2025,Central,Air,Fragile,Carrier C,496.7,130,2.80,5.22,2.41,10032,0,4.15
SHP100329,22-07-2025,North,Sea,Standard,Carrier B,540.4,99,9.70,8.86,0.00,1730,1,9.09
SHP100330,19-07-2025,North,Rail,Bulk,Carrier E,1106.8,58,7.96,10.42,2.46,3851,0,4.94
SHP100331,16-05-2025,Central,Road,Express,Carrier D,982.9,94,5.98,7.13,1.15,7773,0,6.28
SHP100332,24-04-2025,North,Rail,Standard,Carrier C,476.9,53,6.56,8.67,2.11,1982,0,6.29
SHP100333,30-10-2025,South,Air,Express,Carrier B,1182.1,66,4.33,4.52,0.19,21249,1,5.39
SHP100334,17-06-2025,South,Road,Express,Carrier E,642.5,101,5.23,2.20,0.00,4876,1,8.99
SHP100335,23-10-2025,South,Air,Standard,Carrier A,414.6,59,2.62,1.53,0.00,6331,1,7.94
SHP100336,18-12-2025,South,Road,Standard,Carrier A,576.4,76,5.08,5.53,0.45,3329,1,6.92
SHP100337,26-04-2025,North,Road,Express,Carrier A,813.4,113,5.61,4.53,0.00,6454,1,7.4
SHP100338,15-03-2025,East,Road,Express,Carrier D,1156.9,96,6.37,6.01,0.00,9004,1,7.89
SHP100339,14-12-2025,East,Road,Standard,Carrier A,1112,135,6.27,7.68,1.40,7524,0,6.07
SHP100340,20-08-2025,South,Sea,Bulk,Carrier D,721.4,274,10.10,10.01,0.00,2358,1,8.33
SHP100341,17-04-2025,West,Road,Standard,Carrier A,873.7,95,5.74,4.34,0.00,4865,1,9.67
SHP100342,15-08-2025,South,Road,Standard,Carrier D,682.7,45,5.32,6.44,1.12,3348,0,7.9
SHP100343,07-07-2025,Central,Road,Express,Carrier D,477.4,84,4.86,5.05,0.19,3633,1,8.52
SHP100344,27-11-2025,South,Road,Standard,Carrier E,738.5,82,5.44,5.25,0.00,4006,1,8.86
SHP100345,04-04-2025,West,Road,Standard,Carrier B,221.7,90,4.29,5.11,0.82,1578,1,7.97
SHP100346,28-12-2025,North,Road,Standard,Carrier A,1752.3,159,7.69,8.20,0.51,11329,1,6.19
SHP100347,08-12-2025,West,Rail,Standard,Carrier D,859.8,20,7.41,8.94,1.53,2877,0,7.57
SHP100348,07-03-2025,North,Road,Standard,Carrier C,1006.6,161,6.04,6.61,0.57,5729,1,8.2
SHP100349,02-03-2025,East,Air,Express,Carrier E,490.8,201,2.79,4.31,1.52,8390,0,5.01
SHP100350,14-07-2025,South,Road,Standard,Carrier A,855.3,87,5.70,3.65,0.00,5218,1,8.65
SHP100351,17-01-2025,Central,Air,Fragile,Carrier C,944.4,89,3.80,4.98,1.18,16779,0,5.32
SHP100352,20-04-2025,West,Air,Express,Carrier A,662.4,52,3.17,2.01,0.00,14098,1,6.87
SHP100353,08-06-2025,East,Road,Standard,Carrier C,684.8,61,5.32,5.03,0.00,4233,1,9.85
SHP100354,20-12-2025,East,Road,Standard,Carrier A,324.8,95,4.52,6.55,2.03,2127,0,7.6
SHP100355,29-12-2025,Central,Sea,Fragile,Carrier D,2093.5,91,13.15,14.82,1.67,6233,0,6.06
SHP100356,25-02-2025,South,Road,Standard,Carrier D,486.3,96,4.88,2.67,0.00,2833,1,8.81
SHP100357,22-11-2025,North,Rail,Standard,Carrier A,526.8,91,6.67,7.89,1.22,2318,0,7.3
SHP100358,03-02-2025,South,Road,Fragile,Carrier C,1819.2,108,7.84,8.98,1.13,12308,0,5.6
SHP100359,01-10-2025,South,Road,Express,Carrier C,1035.1,101,6.10,4.67,0.00,6954,1,7.73
SHP100360,05-11-2025,West,Road,Express,Carrier D,1162.6,31,6.38,4.72,0.00,9880,1,8.03
SHP100361,22-11-2025,Central,Sea,Standard,Carrier C,311.5,104,9.19,7.66,0.00,952,1,10
SHP100362,23-03-2025,Central,Road,Standard,Carrier C,848.8,202,5.69,5.60,0.00,5755,1,9.29
SHP100363,23-11-2025,West,Air,Standard,Carrier E,313.8,59,2.40,2.19,0.00,4648,1,9.06
SHP100364,12-02-2025,West,Rail,Express,Carrier C,441.9,160,6.48,6.70,0.22,2390,1,7.41
SHP100365,09-07-2025,East,Road,Standard,Carrier E,2274.3,33,8.85,9.86,1.01,15026,0,4.61
SHP100366,21-06-2025,Central,Road,Standard,Carrier E,391.5,59,4.67,3.75,0.00,2089,1,9.64
SHP100367,26-04-2025,South,Road,Standard,Carrier E,1129.8,40,6.31,6.69,0.37,7579,1,8.56
SHP100368,09-01-2025,West,Road,Express,Carrier E,415.5,148,4.72,3.73,0.00,3239,1,9.16
SHP100369,09-10-2025,East,Rail,Express,Carrier D,448.3,175,6.50,5.42,0.00,2624,1,8.79
SHP100370,03-05-2025,North,Road,Standard,Carrier C,3000,57,10.47,9.04,0.00,17814,1,7.17
SHP100371,30-08-2025,North,Road,Standard,Carrier C,723.7,129,5.41,6.53,1.12,4168,0,7.72
SHP100372,30-05-2025,Central,Rail,Standard,Carrier B,297.1,176,6.16,6.97,0.81,1330,1,8.79
SHP100373,17-05-2025,Central,Rail,Standard,Carrier E,1158.5,59,8.07,9.01,0.94,4253,1,6.49
SHP100374,20-11-2025,Central,Road,Standard,Carrier D,1552.1,66,7.25,6.71,0.00,8210,1,8.22
SHP100375,04-02-2025,East,Rail,Standard,Carrier E,1222.9,97,8.22,9.11,0.90,5494,1,8.34
SHP100376,26-09-2025,South,Road,Express,Carrier D,685,35,5.32,3.14,0.00,5163,1,8.83
SHP100377,30-09-2025,North,Rail,Fragile,Carrier C,699.3,65,7.05,6.67,0.00,3645,1,9.31
SHP100378,19-05-2025,West,Road,Bulk,Carrier B,547.8,243,5.02,5.06,0.04,3418,1,8.8
SHP100379,06-04-2025,West,Road,Bulk,Carrier E,361.9,44,4.60,4.91,0.30,1908,1,8.76
SHP100380,02-01-2025,West,Road,Standard,Carrier D,933.6,105,5.87,4.00,0.00,5443,1,9.26
SHP100381,08-12-2025,West,Rail,Standard,Carrier E,664.1,85,6.98,5.76,0.00,2668,1,8.59
SHP100382,12-12-2025,North,Rail,Standard,Carrier C,316.8,54,6.20,6.18,0.00,1319,1,8.76
SHP100383,29-03-2025,East,Road,Express,Carrier C,734.8,70,5.43,6.54,1.10,5961,0,6.77
SHP100384,12-01-2025,North,Sea,Standard,Carrier A,488.2,189,9.58,9.05,0.00,1414,1,9.18
SHP100385,14-02-2025,North,Sea,Standard,Carrier A,904.1,86,10.51,11.07,0.56,2239,1,7.44
SHP100386,25-01-2025,South,Road,Standard,Carrier D,850.5,96,5.69,6.07,0.38,5759,1,8.36
SHP100387,31-10-2025,South,Rail,Standard,Carrier B,607.2,171,6.85,6.66,0.00,1993,1,8.98
SHP100388,22-11-2025,East,Road,Express,Carrier A,756.4,50,5.48,5.79,0.31,6139,1,8.46
SHP100389,25-02-2025,North,Sea,Express,Carrier D,796.9,31,10.27,8.42,0.00,2982,1,7.74
SHP100390,30-09-2025,South,Road,Standard,Carrier D,1315.9,190,6.72,6.07,0.00,7989,1,8.54
SHP100391,07-03-2025,East,Road,Bulk,Carrier A,739.5,66,5.44,7.79,2.35,3405,0,6.63
SHP100392,15-05-2025,West,Road,Standard,Carrier C,556.2,108,5.04,6.77,1.73,3543,0,6.89
SHP100393,07-08-2025,South,Road,Standard,Carrier C,645.4,37,5.23,6.30,1.07,3881,0,7.43
SHP100394,20-09-2025,North,Rail,Standard,Carrier A,2000.3,78,9.95,11.61,1.67,9555,0,6.2
SHP100395,16-11-2025,South,Road,Express,Carrier D,425.1,30,4.74,2.04,0.00,3434,1,9.53
SHP100396,17-01-2025,West,Road,Express,Carrier B,671.8,63,5.29,3.50,0.00,6086,1,8.67
SHP100397,13-03-2025,South,Road,Standard,Carrier E,665.6,40,5.28,5.02,0.00,3337,1,9.17
SHP100398,13-04-2025,South,Sea,Bulk,Carrier A,683.2,34,10.02,12.90,2.88,1864,0,6.4
SHP100399,24-04-2025,South,Air,Standard,Carrier E,244.3,50,2.24,1.98,0.00,3669,1,9.21
SHP100400,31-12-2025,West,Road,Standard,Carrier A,354,14,4.59,5.44,0.86,2136,1,7.53
SHP100401,11-10-2025,South,Road,Express,Carrier D,643.2,28,5.23,5.06,0.00,5234,1,9.22
SHP100402,27-04-2025,East,Road,Bulk,Carrier D,538.6,100,5.00,6.11,1.11,3275,0,7.4
SHP100403,21-12-2025,South,Sea,Express,Carrier C,901.6,76,10.50,9.88,0.00,3589,1,8.82
SHP100404,02-07-2025,West,Air,Bulk,Carrier B,1429.5,30,4.88,3.50,0.00,16463,1,6.71
SHP100405,02-07-2025,North,Rail,Standard,Carrier A,944.4,86,7.60,4.89,0.00,3369,1,9.37
SHP100406,08-06-2025,North,Sea,Express,Carrier B,815,34,10.31,11.49,1.17,3405,0,8.33
SHP100407,22-02-2025,South,Road,Fragile,Carrier D,1000.9,96,6.02,5.77,0.00,7578,1,8.15
SHP100408,08-12-2025,East,Rail,Standard,Carrier D,861.2,56,7.41,5.97,0.00,2778,1,9.89
SHP100409,06-01-2025,Central,Road,Standard,Carrier A,752.7,49,5.47,6.28,0.80,4637,1,7.71
SHP100410,05-03-2025,South,Road,Bulk,Carrier A,1286.4,57,6.66,7.24,0.58,5779,1,8.48
SHP100411,25-03-2025,South,Road,Standard,Carrier C,632.4,319,5.21,6.19,0.98,4401,1,7.55
SHP100412,12-04-2025,Central,Road,Standard,Carrier C,350.9,37,4.58,6.16,1.58,1911,0,6.83
SHP100413,18-02-2025,West,Sea,Bulk,Carrier E,527.4,70,9.67,8.62,0.00,1324,1,10
SHP100414,07-01-2025,South,Road,Bulk,Carrier D,484.9,100,4.88,3.97,0.00,2501,1,8.66
SHP100415,05-09-2025,South,Air,Bulk,Carrier C,2323.2,32,6.86,6.60,0.00,33422,1,3.47
SHP100416,20-12-2025,West,Air,Bulk,Carrier C,1479.4,21,4.99,5.93,0.94,19230,1,4.32
SHP100417,14-02-2025,East,Rail,Standard,Carrier D,821,41,7.32,5.61,0.00,3460,1,9.52
SHP100418,19-04-2025,West,Sea,Bulk,Carrier C,492.7,99,9.59,9.74,0.15,1655,1,9.77
SHP100419,04-07-2025,Central,Road,Standard,Carrier D,1278.7,48,6.64,8.01,1.37,7550,0,6.63
SHP100420,05-12-2025,North,Road,Express,Carrier A,802,52,5.58,6.31,0.72,7323,1,6.73
SHP100421,11-09-2025,North,Road,Standard,Carrier E,633.2,109,5.21,6.42,1.21,3613,0,7.28
SHP100422,07-10-2025,North,Road,Fragile,Carrier E,805.9,36,5.59,7.56,1.97,6477,0,5.69
SHP100423,01-08-2025,North,Sea,Express,Carrier C,643.8,57,9.93,6.47,0.00,2304,1,8.45
SHP100424,02-06-2025,South,Road,Fragile,Carrier C,993.9,23,6.01,8.31,2.31,7057,0,5.07
SHP100425,14-03-2025,South,Road,Standard,Carrier C,331,74,4.54,5.02,0.48,2087,1,8.73
SHP100426,12-11-2025,North,Road,Standard,Carrier E,989.7,70,6.00,7.93,1.93,6215,0,5.61
SHP100427,21-10-2025,East,Road,Standard,Carrier A,643.3,101,5.23,4.58,0.00,3410,1,8.99
SHP100428,10-01-2025,South,Air,Standard,Carrier B,1295.6,29,4.58,2.66,0.00,17181,1,5.56
SHP100429,19-09-2025,North,Road,Express,Carrier D,1499.9,53,7.13,8.89,1.75,12522,0,6.04
SHP100430,31-01-2025,West,Air,Standard,Carrier D,1692.5,26,5.46,4.40,0.00,23665,1,5.24
SHP100431,27-09-2025,West,Rail,Express,Carrier B,2425.8,51,10.89,9.83,0.00,10489,1,8.13
SHP100432,29-10-2025,East,Air,Standard,Carrier A,1658.1,158,5.38,6.69,1.31,24188,0,3.84
SHP100433,17-02-2025,East,Road,Standard,Carrier C,1271.6,49,6.63,8.21,1.59,7392,0,6.4
SHP100434,08-06-2025,East,Rail,Express,Carrier D,360.7,25,6.30,7.54,1.24,1859,0,6.92
SHP100435,15-02-2025,South,Road,Standard,Carrier D,161.5,39,4.16,4.52,0.36,1030,1,8.36
SHP100436,27-07-2025,North,Road,Standard,Carrier A,1375.2,21,6.86,6.04,0.00,8389,1,7.6
SHP100437,05-12-2025,West,Air,Standard,Carrier A,440.5,26,2.68,3.49,0.81,5924,1,7.41
SHP100438,30-01-2025,South,Rail,Standard,Carrier B,3000,93,12.17,13.10,0.93,10815,1,7.16
SHP100439,26-05-2025,South,Road,Express,Carrier C,276,24,4.41,1.73,0.00,2384,1,9.24
SHP100440,22-12-2025,South,Sea,Standard,Carrier A,1239.7,74,11.25,12.99,1.73,3409,0,6.17
SHP100441,20-04-2025,North,Road,Standard,Carrier A,859.6,61,5.71,3.25,0.00,4860,1,8.64
SHP100442,18-02-2025,North,Rail,Express,Carrier C,296.4,43,6.16,7.05,0.89,1337,1,8.02
SHP100443,28-06-2025,South,Sea,Standard,Carrier B,856.4,70,10.40,9.77,0.00,2498,1,8.79
SHP100444,05-07-2025,East,Road,Express,Carrier D,475.8,33,4.86,5.67,0.81,3889,1,7.73
SHP100445,30-08-2025,Central,Air,Standard,Carrier A,725.2,104,3.31,4.20,0.89,8580,1,7.28
SHP100446,25-04-2025,South,Rail,Bulk,Carrier E,731.5,38,7.13,7.18,0.06,2136,1,8.58
SHP100447,15-12-2025,Central,Air,Standard,Carrier A,480.2,47,2.77,3.59,0.82,6076,1,7.17
SHP100448,10-07-2025,South,Rail,Standard,Carrier C,608.7,43,6.85,6.85,0.00,2493,1,9.52
SHP100449,15-04-2025,Central,Rail,Bulk,Carrier E,451.6,94,6.50,7.62,1.12,1257,0,8.05
SHP100450,17-12-2025,Central,Road,Express,Carrier D,227.3,86,4.31,6.42,2.11,1901,0,7.15
SHP100451,04-12-2025,South,Air,Express,Carrier E,813.5,11,3.51,1.37,0.00,17080,1,7.34
SHP100452,02-07-2025,East,Road,Bulk,Carrier A,1653.1,71,7.47,4.51,0.00,8545,1,7.23
SHP100453,10-01-2025,Central,Sea,Standard,Carrier D,468.6,19,9.54,9.36,0.00,1292,1,9.34
SHP100454,06-08-2025,Central,Road,Fragile,Carrier A,2152,48,8.58,8.68,0.09,15802,1,6.37
SHP100455,22-07-2025,Central,Road,Express,Carrier D,2419.6,56,9.18,8.34,0.00,21001,1,5.24
SHP100456,24-02-2025,West,Sea,Standard,Carrier B,576.8,48,9.78,8.72,0.00,1683,1,8.69
SHP100457,20-08-2025,South,Road,Standard,Carrier D,664.5,84,5.28,6.38,1.10,3088,0,7.34
SHP100458,03-11-2025,East,Road,Standard,Carrier A,584,96,5.10,4.21,0.00,3937,1,8.58
SHP100459,08-02-2025,West,Air,Bulk,Carrier E,364.2,36,2.51,3.03,0.52,4775,1,7.62
SHP100460,22-09-2025,West,Road,Standard,Carrier C,666.4,36,5.28,6.02,0.73,3905,1,7.82
SHP100461,21-02-2025,North,Road,Standard,Carrier C,620.7,59,5.18,5.94,0.76,2980,1,9.29
SHP100462,01-10-2025,West,Road,Express,Carrier C,804.9,22,5.59,5.45,0.00,6150,1,7.43
SHP100463,02-06-2025,South,Road,Express,Carrier A,831.9,44,5.65,6.14,0.49,6022,1,8.41
SHP100464,03-01-2025,East,Road,Standard,Carrier B,346.8,145,4.57,5.33,0.76,1975,1,8.11
SHP100465,19-12-2025,South,Road,Fragile,Carrier D,1093.6,23,6.23,6.28,0.05,7674,1,7.82
SHP100466,02-03-2025,East,Road,Standard,Carrier E,661.5,48,5.27,6.53,1.26,3702,0,6.1
SHP100467,06-08-2025,East,Road,Fragile,Carrier E,390.7,41,4.67,6.41,1.74,2705,0,7.19
SHP100468,08-03-2025,North,Road,Standard,Carrier C,652.2,222,5.25,6.67,1.42,4322,0,6.11
SHP100469,07-12-2025,West,Rail,Standard,Carrier B,851.6,43,7.39,5.42,0.00,3298,1,9.31
SHP100470,27-09-2025,North,Rail,Express,Carrier C,1838.5,44,9.59,9.07,0.00,8792,1,8.89
SHP100471,21-10-2025,Central,Road,Standard,Carrier C,1664.9,31,7.50,6.57,0.00,9093,1,7.18
SHP100472,07-06-2025,East,Road,Standard,Carrier B,546.6,61,5.01,6.36,1.35,3080,0,7.85
SHP100473,20-06-2025,North,Sea,Standard,Carrier B,689.9,72,10.03,11.27,1.24,1993,0,7.54
SHP100474,20-08-2025,South,Rail,Fragile,Carrier E,443.1,34,6.48,6.62,0.13,2145,1,7.72
SHP100475,14-10-2025,South,Road,Bulk,Carrier B,936.9,115,5.88,5.14,0.00,4341,1,8.01
SHP100476,06-11-2025,North,Road,Fragile,Carrier A,565.6,72,5.06,6.49,1.44,4681,0,6.92
SHP100477,07-01-2025,Central,Road,Bulk,Carrier D,675.4,105,5.30,5.45,0.15,3743,1,8.81
SHP100478,31-08-2025,East,Air,Bulk,Carrier D,1404.4,49,4.82,7.16,2.34,12825,0,3.47
SHP100479,09-02-2025,South,Sea,Standard,Carrier B,346,71,9.27,11.41,2.14,1119,0,6.56
SHP100480,16-04-2025,East,Sea,Standard,Carrier D,1667.2,53,12.20,14.06,1.85,5269,0,6.66
SHP100481,30-10-2025,North,Road,Bulk,Carrier E,993.5,156,6.01,6.68,0.67,5481,1,8.2
SHP100482,02-04-2025,East,Road,Bulk,Carrier E,1620.7,65,7.40,10.20,2.80,7809,0,4.37
SHP100483,18-10-2025,South,Road,Bulk,Carrier D,1196.4,61,6.46,6.84,0.38,6004,1,8.17
SHP100484,18-06-2025,West,Road,Fragile,Carrier C,1329.4,45,6.75,6.55,0.00,9629,1,8.39
SHP100485,26-03-2025,Central,Road,Standard,Carrier A,780.4,43,5.53,5.06,0.00,4913,1,9.05
SHP100486,02-05-2025,South,Rail,Bulk,Carrier C,384.2,70,6.35,5.64,0.00,1188,1,9.69
SHP100487,13-07-2025,West,Road,Bulk,Carrier E,520.9,103,4.96,4.95,0.00,2653,1,9.02
SHP100488,07-10-2025,Central,Sea,Express,Carrier E,459.6,39,9.52,9.65,0.13,2086,1,8.83
SHP100489,10-08-2025,South,Road,Bulk,Carrier D,195.6,66,4.23,2.71,0.00,1114,1,9.36
SHP100490,07-12-2025,South,Road,Express,Carrier E,1402.9,68,6.92,5.80,0.00,12785,1,6.85
SHP100491,13-11-2025,West,Sea,Bulk,Carrier C,726.5,76,10.11,10.36,0.24,2379,1,9.31
SHP100492,02-10-2025,North,Rail,Standard,Carrier A,436.6,20,6.47,7.61,1.14,1556,0,6.87
SHP100493,09-08-2025,South,Road,Bulk,Carrier C,2363.8,33,9.05,9.12,0.07,10450,1,7.29
SHP100494,16-04-2025,North,Rail,Standard,Carrier B,2983.7,25,12.13,12.81,0.68,10791,1,6.73
SHP100495,31-05-2025,East,Road,Standard,Carrier E,318.8,62,4.51,3.78,0.00,2133,1,9.3
SHP100496,13-02-2025,North,Road,Standard,Carrier D,666.1,34,5.28,4.63,0.00,4375,1,9.03
SHP100497,17-05-2025,North,Road,Standard,Carrier C,639.3,44,5.22,5.55,0.33,4635,1,9.03
SHP100498,05-12-2025,East,Road,Standard,Carrier B,414.8,28,4.72,6.01,1.29,2451,0,7.43
SHP100499,05-06-2025,West,Rail,Bulk,Carrier A,1383,46,8.57,8.84,0.27,4687,1,7.89
SHP100500,11-02-2025,East,Road,Express,Carrier A,197.1,29,4.24,3.26,0.00,1497,1,9.07
SHP100501,26-08-2025,North,Rail,Bulk,Carrier B,2006,99,9.96,10.09,0.13,4916,1,8.25
SHP100502,18-12-2025,Central,Air,Standard,Carrier B,801,82,3.48,5.52,2.04,11742,0,5.18
SHP100503,13-11-2025,West,Road,Standard,Carrier B,2246.4,67,8.79,9.42,0.63,11639,1,6.09
SHP100504,11-04-2025,South,Road,Fragile,Carrier E,759.7,50,5.49,5.75,0.26,5813,1,8.01
SHP100505,15-06-2025,Central,Road,Express,Carrier D,637.9,16,5.22,3.64,0.00,4088,1,9.61
SHP100506,13-07-2025,North,Air,Standard,Carrier C,1449.5,45,4.92,4.50,0.00,19552,1,6.24
SHP100507,01-04-2025,South,Rail,Fragile,Carrier A,2237.6,37,10.47,10.93,0.46,10415,1,6.51
SHP100508,09-04-2025,South,Rail,Fragile,Carrier E,2021.7,71,9.99,10.76,0.77,9609,1,6.65
SHP100509,28-03-2025,West,Road,Express,Carrier D,250.3,90,4.36,4.31,0.00,2091,1,7.82
SHP100510,30-12-2025,South,Road,Bulk,Carrier C,1711.2,75,7.60,8.15,0.55,10194,1,6.99
SHP100511,30-09-2025,North,Road,Express,Carrier C,618,137,5.17,4.45,0.00,5837,1,9.33
SHP100512,03-11-2025,South,Road,Express,Carrier C,710.9,42,5.38,4.19,0.00,5248,1,7.87
SHP100513,26-10-2025,North,Air,Standard,Carrier E,609.9,41,3.06,5.81,2.75,10330,0,3.43
SHP100514,17-12-2025,North,Road,Standard,Carrier D,520.8,118,4.96,4.72,0.00,3715,1,8.42
SHP100515,08-02-2025,West,Road,Standard,Carrier C,670.8,67,5.29,3.81,0.00,3902,1,9.26
SHP100516,18-11-2025,South,Road,Fragile,Carrier D,405.1,51,4.70,3.27,0.00,2933,1,9.85
SHP100517,25-01-2025,South,Road,Express,Carrier E,1717.3,200,7.62,6.61,0.00,13750,1,7.35
SHP100518,23-06-2025,West,Rail,Standard,Carrier B,1186.2,88,8.14,9.22,1.08,4205,0,6.64
SHP100519,05-08-2025,North,Road,Express,Carrier E,895.6,53,5.79,4.83,0.00,6719,1,8.27
SHP100520,11-05-2025,West,Sea,Standard,Carrier D,609.7,39,9.85,11.55,1.70,1993,0,7.93
SHP100521,23-02-2025,South,Sea,Standard,Carrier A,543.1,143,9.71,9.80,0.09,1746,1,8.82
SHP100522,12-03-2025,South,Sea,Bulk,Carrier E,1018.2,69,10.76,12.14,1.38,2398,0,7.36
SHP100523,29-10-2025,South,Rail,Standard,Carrier D,914.1,61,7.53,6.76,0.00,3151,1,9.01
SHP100524,27-04-2025,North,Rail,Standard,Carrier B,1511.5,94,8.86,8.41,0.00,5360,1,7.66
SHP100525,24-04-2025,North,Rail,Standard,Carrier B,548.9,107,6.72,7.22,0.50,2224,1,8.95
SHP100526,04-12-2025,East,Road,Standard,Carrier E,516,86,4.95,6.20,1.25,3381,0,7.74
SHP100527,22-02-2025,North,Road,Express,Carrier E,1156.3,107,6.37,5.86,0.00,8368,1,6.91
SHP100528,01-12-2025,West,Rail,Bulk,Carrier A,1307.9,81,8.41,8.74,0.34,4670,1,7.47
SHP100529,03-12-2025,West,Road,Express,Carrier D,2848.4,87,10.13,10.11,0.00,22863,1,5.06
SHP100530,07-08-2025,South,Road,Express,Carrier A,242.5,38,4.34,2.11,0.00,1982,1,9.48
SHP100531,02-03-2025,West,Sea,Standard,Carrier B,1774.9,196,12.44,12.05,0.00,5758,1,8.03
SHP100532,26-02-2025,North,Road,Express,Carrier C,849.4,27,5.69,4.79,0.00,7258,1,8.41
SHP100533,14-04-2025,North,Road,Standard,Carrier B,569.2,74,5.06,4.92,0.00,2928,1,8.81
SHP100534,30-07-2025,South,Rail,Standard,Carrier C,1026.5,25,7.78,8.35,0.57,3438,1,8.16
SHP100535,26-02-2025,East,Road,Bulk,Carrier C,1004.7,57,6.03,6.15,0.12,4976,1,8.69
SHP100536,16-06-2025,Central,Sea,Standard,Carrier C,579.7,42,9.79,7.78,0.00,1735,1,9.26
SHP100537,12-02-2025,South,Road,Standard,Carrier E,254.2,66,4.36,4.19,0.00,1814,1,9.09
SHP100538,17-07-2025,West,Sea,Standard,Carrier A,1778.6,75,12.45,11.23,0.00,5110,1,8.73
SHP100539,08-01-2025,East,Air,Fragile,Carrier D,487.5,32,2.78,4.40,1.62,10122,0,5.81
SHP100540,16-09-2025,North,Road,Standard,Carrier B,440.7,59,4.78,6.11,1.33,2435,0,7.22
SHP100541,21-01-2025,East,Road,Standard,Carrier A,517.9,149,4.95,3.15,0.00,3111,1,8.64
SHP100542,13-03-2025,West,Road,Fragile,Carrier C,1269,26,6.62,6.08,0.00,8746,1,8.98
SHP100543,05-03-2025,Central,Road,Standard,Carrier B,625.1,35,5.19,5.90,0.71,3383,1,7.71
SHP100544,31-10-2025,Central,Road,Bulk,Carrier A,524.4,106,4.97,3.65,0.00,3016,1,9.65
SHP100545,20-01-2025,South,Sea,Standard,Carrier C,985,63,10.69,11.69,1.00,2059,0,7.43
SHP100546,06-06-2025,North,Road,Express,Carrier E,900.8,67,5.80,6.71,0.91,6789,1,7.58
SHP100547,04-08-2025,West,Sea,Bulk,Carrier C,531.8,117,9.68,9.50,0.00,1595,1,10
SHP100548,08-07-2025,South,Road,Standard,Carrier D,251.2,36,4.36,3.57,0.00,1459,1,8.97
SHP100549,06-09-2025,North,Sea,Express,Carrier A,1251.7,43,11.28,8.32,0.00,5304,1,8.15
SHP100550,21-10-2025,Central,Road,Standard,Carrier A,911.2,40,5.82,7.06,1.24,6520,0,6.53
SHP100551,24-05-2025,South,Road,Fragile,Carrier B,203.1,48,4.25,7.00,2.75,1530,0,5.69
SHP100552,30-10-2025,North,Rail,Bulk,Carrier D,1933.8,144,9.80,12.26,2.46,7111,0,5.31
SHP100553,27-04-2025,East,Road,Express,Carrier E,197.9,20,4.24,4.02,0.00,1956,1,9.05
SHP100554,26-12-2025,North,Air,Bulk,Carrier A,462.7,28,2.73,1.87,0.00,6032,1,8.16
SHP100555,04-07-2025,North,Road,Express,Carrier C,482.1,25,4.87,5.53,0.66,3798,1,9.01
SHP100556,26-09-2025,Central,Road,Express,Carrier B,536.8,150,4.99,4.45,0.00,4736,1,8.5
SHP100557,16-11-2025,North,Road,Standard,Carrier D,525.8,40,4.97,5.92,0.95,3483,1,7.29
SHP100558,17-10-2025,South,Rail,Express,Carrier B,337.5,49,6.25,6.00,0.00,1749,1,9.57
SHP100559,07-11-2025,South,Road,Bulk,Carrier C,858,21,5.71,5.91,0.21,4107,1,8.92
SHP100560,15-07-2025,Central,Road,Express,Carrier E,1379.8,51,6.87,7.65,0.78,12762,1,7.07
SHP100561,16-01-2025,South,Road,Standard,Carrier C,850.8,106,5.69,7.02,1.33,4941,0,7.98
SHP100562,29-06-2025,West,Road,Standard,Carrier D,942.3,71,5.89,5.29,0.00,6184,1,8.56
SHP100563,08-03-2025,South,Road,Fragile,Carrier D,634.2,56,5.21,4.60,0.00,4720,1,8.45
SHP100564,21-11-2025,North,Sea,Bulk,Carrier C,830.4,22,10.35,7.87,0.00,2394,1,7.95
SHP100565,28-03-2025,Central,Road,Standard,Carrier B,986.1,49,5.99,5.89,0.00,5301,1,8
SHP100566,25-03-2025,West,Rail,Standard,Carrier E,1186.6,66,8.14,6.88,0.00,4097,1,8.83
SHP100567,02-04-2025,Central,Road,Standard,Carrier B,499.1,32,4.91,5.69,0.78,3187,1,7.24
SHP100568,23-08-2025,South,Road,Standard,Carrier E,458.6,92,4.82,4.53,0.00,2500,1,8.11
SHP100569,28-07-2025,West,Road,Bulk,Carrier E,163.1,107,4.16,3.90,0.00,1035,1,9.26
SHP100570,13-12-2025,East,Road,Standard,Carrier C,2275.1,43,8.86,10.49,1.63,15317,0,5.23
SHP100571,01-06-2025,North,Road,Standard,Carrier E,2189.1,97,8.66,9.52,0.86,10578,1,6.43
SHP100572,14-04-2025,South,Road,Standard,Carrier D,744.2,56,5.45,5.42,0.00,4595,1,9.13
SHP100573,18-01-2025,East,Road,Standard,Carrier D,770.6,127,5.51,8.15,2.64,5263,0,5.56
SHP100574,03-01-2025,North,Sea,Bulk,Carrier A,1850.9,226,12.61,13.86,1.25,4645,0,7.7
SHP100575,17-05-2025,West,Road,Standard,Carrier A,344.5,30,4.57,4.09,0.00,1862,1,10
SHP100576,04-12-2025,Central,Road,Standard,Carrier A,428.9,100,4.75,4.63,0.00,2508,1,10
SHP100577,11-07-2025,South,Road,Standard,Carrier A,1920,141,8.07,9.07,1.01,10376,0,6.81
SHP100578,23-11-2025,North,Road,Bulk,Carrier E,630,32,5.20,5.83,0.63,3224,1,7.82
SHP100579,07-02-2025,South,Air,Bulk,Carrier A,391.1,42,2.57,1.38,0.00,4822,1,8.63
SHP100580,04-02-2025,North,Road,Standard,Carrier A,1021.5,41,6.07,7.50,1.43,5704,0,7.53
SHP100581,01-11-2025,South,Rail,Express,Carrier E,501,55,6.61,7.46,0.85,2702,1,7.4
SHP100582,08-02-2025,West,Road,Standard,Carrier B,1724.2,48,7.63,8.99,1.36,11624,0,6.56
SHP100583,19-01-2025,South,Road,Express,Carrier E,826.2,53,5.64,6.81,1.17,6733,0,6.72
SHP100584,28-05-2025,West,Sea,Standard,Carrier E,513.9,104,9.64,12.02,2.38,1751,0,6.26
SHP100585,04-12-2025,South,Road,Fragile,Carrier C,532,18,4.98,7.42,2.44,4383,0,5.18
SHP100586,09-09-2025,North,Air,Bulk,Carrier E,991.7,32,3.90,4.70,0.79,11690,1,5.73
SHP100587,06-02-2025,North,Road,Standard,Carrier E,679.4,93,5.31,5.47,0.16,4207,1,8.35
SHP100588,02-11-2025,East,Sea,Standard,Carrier A,623.9,86,9.89,8.48,0.00,1761,1,9.82
SHP100589,04-11-2025,North,Road,Standard,Carrier A,1214.3,30,6.50,6.91,0.41,6031,1,7.49
SHP100590,20-10-2025,North,Road,Standard,Carrier B,1866.2,87,7.95,8.94,1.00,11300,1,7.16
SHP100591,26-11-2025,East,Air,Standard,Carrier C,1113.3,143,4.17,4.92,0.75,14710,1,5.7
SHP100592,29-03-2025,West,Road,Standard,Carrier D,476,58,4.86,2.69,0.00,2965,1,8.32
SHP100593,24-12-2025,South,Road,Bulk,Carrier A,375.8,31,4.64,4.41,0.00,1615,1,9.27
SHP100594,28-04-2025,Central,Sea,Standard,Carrier A,1171.7,107,11.10,12.15,1.04,3487,0,7.89
SHP100595,20-10-2025,North,Rail,Bulk,Carrier B,1111.9,185,7.97,7.19,0.00,3194,1,8.97
SHP100596,31-07-2025,South,Rail,Standard,Carrier B,595.9,34,6.82,7.11,0.29,2398,1,8.72
SHP100597,12-10-2025,North,Rail,Standard,Carrier E,687.8,62,7.03,7.92,0.90,2566,1,8.73
SHP100598,18-08-2025,South,Air,Standard,Carrier B,493.6,123,2.80,4.18,1.39,6963,0,6.56
SHP100599,23-08-2025,South,Sea,Bulk,Carrier E,381.6,65,9.35,11.42,2.07,1090,0,6.37
SHP100600,13-08-2025,East,Rail,Standard,Carrier A,520.1,19,6.66,6.92,0.27,1884,1,8.13
SHP100601,12-10-2025,South,Road,Standard,Carrier A,141,80,4.11,4.42,0.31,895,1,9.56
SHP100602,27-09-2025,East,Road,Express,Carrier E,1533.3,32,7.21,7.45,0.25,11833,1,6.88
SHP100603,19-02-2025,Central,Rail,Express,Carrier B,307.7,26,6.18,6.53,0.35,1661,1,8.51
SHP100604,29-10-2025,West,Air,Express,Carrier A,754.1,20,3.38,3.29,0.00,16330,1,7.26
SHP100605,15-07-2025,East,Road,Standard,Carrier C,178.8,131,4.20,6.54,2.34,1331,0,7.38
SHP100606,28-04-2025,East,Road,Standard,Carrier A,1089.4,35,6.22,4.24,0.00,6064,1,8.53
SHP100607,07-07-2025,Central,Road,Fragile,Carrier A,1293.5,75,6.67,7.81,1.13,10362,0,6.18
SHP100608,19-12-2025,North,Road,Express,Carrier C,797.1,88,5.57,5.83,0.26,5779,1,8.11
SHP100609,10-11-2025,South,Sea,Express,Carrier C,726.4,67,10.11,9.24,0.00,2673,1,8.7
SHP100610,01-11-2025,West,Road,Standard,Carrier C,492.4,73,4.89,2.29,0.00,2954,1,8.71
SHP100611,18-06-2025,West,Rail,Standard,Carrier C,1510.6,77,8.86,8.79,0.00,6267,1,8.16
SHP100612,14-10-2025,South,Air,Bulk,Carrier A,266.6,66,2.29,1.58,0.00,3059,1,9.39
SHP100613,21-05-2025,West,Sea,Express,Carrier B,571.3,37,9.77,11.00,1.23,2386,0,7.42
SHP100614,08-09-2025,South,Road,Standard,Carrier B,455.9,35,4.81,5.34,0.53,2668,1,9.04
SHP100615,22-08-2025,Central,Sea,Bulk,Carrier B,445.7,56,9.49,8.88,0.00,1080,1,9.16
SHP100616,02-04-2025,South,Rail,Express,Carrier C,1486.7,56,8.80,5.84,0.00,8305,1,7.81
SHP100617,08-04-2025,South,Air,Standard,Carrier B,698.5,80,3.25,4.03,0.78,9405,1,7.56
SHP100618,23-01-2025,South,Road,Standard,Carrier D,489.9,123,4.89,5.79,0.90,3744,1,7.66
SHP100619,21-02-2025,South,Road,Express,Carrier E,929.6,75,5.87,5.02,0.00,7245,1,8.12
SHP100620,08-06-2025,South,Rail,Standard,Carrier D,882.7,36,7.46,8.26,0.79,3362,1,7.87
SHP100621,24-06-2025,South,Road,Express,Carrier B,1279.4,15,6.64,5.64,0.00,11577,1,8.28
SHP100622,02-03-2025,South,Road,Express,Carrier C,992.5,37,6.01,6.63,0.63,7941,1,7.46
SHP100623,02-06-2025,South,Rail,Standard,Carrier C,718.8,25,7.10,8.34,1.24,3003,0,8.03
SHP100624,09-08-2025,North,Rail,Bulk,Carrier D,750.4,38,7.17,5.68,0.00,1959,1,8.94
SHP100625,26-03-2025,North,Road,Standard,Carrier B,965.8,71,5.95,4.74,0.00,5445,1,9.09
SHP100626,04-05-2025,North,Road,Standard,Carrier A,411.7,64,4.71,7.45,2.74,2550,0,5.69
SHP100627,15-05-2025,North,Road,Express,Carrier D,871.3,202,5.74,6.51,0.77,7772,1,7.63
SHP100628,04-07-2025,South,Sea,Express,Carrier D,1840.8,83,12.59,10.54,0.00,7635,1,8.66
SHP100629,14-05-2025,South,Sea,Standard,Carrier A,797.6,209,10.27,8.57,0.00,2827,1,8.41
SHP100630,26-09-2025,South,Road,Express,Carrier D,606,96,5.15,4.79,0.00,5327,1,8.55
SHP100631,30-04-2025,East,Road,Bulk,Carrier A,601.1,122,5.14,4.52,0.00,3359,1,9.37
SHP100632,08-06-2025,Central,Road,Fragile,Carrier D,941.6,48,5.89,6.18,0.29,5318,1,8.77
SHP100633,19-05-2025,Central,Road,Fragile,Carrier D,842,30,5.67,6.27,0.60,6866,1,8.2
SHP100634,08-03-2025,West,Sea,Standard,Carrier A,1120.7,45,10.99,10.89,0.00,2955,1,8.97
SHP100635,08-09-2025,West,Road,Standard,Carrier D,510.3,60,4.93,6.23,1.30,3143,0,8.1
SHP100636,27-03-2025,North,Road,Express,Carrier A,673.5,40,5.30,7.11,1.81,5453,0,5.87
SHP100637,19-04-2025,East,Road,Standard,Carrier B,1235.1,31,6.54,6.69,0.15,7229,1,7.19
SHP100638,17-10-2025,East,Road,Fragile,Carrier D,1294.5,79,6.68,6.43,0.00,8262,1,7.87
SHP100639,13-12-2025,East,Sea,Standard,Carrier B,1300.8,31,11.39,12.54,1.15,2989,0,8.13
SHP100640,02-09-2025,Central,Rail,Standard,Carrier E,1157.3,22,8.07,10.25,2.18,3898,0,5.43
SHP100641,01-12-2025,North,Rail,Standard,Carrier E,1181.2,29,8.12,8.06,0.00,4775,1,7.8
SHP100642,08-11-2025,East,Road,Standard,Carrier E,870.4,52,5.73,7.41,1.68,4431,0,5.62
SHP100643,25-06-2025,East,Sea,Standard,Carrier A,300.3,32,9.17,8.90,0.00,822,1,9.67
SHP100644,09-10-2025,North,Road,Express,Carrier A,319.3,52,4.51,4.23,0.00,2697,1,8.15
SHP100645,30-04-2025,Central,Sea,Express,Carrier A,788,89,10.25,8.51,0.00,2846,1,9.23
SHP100646,18-06-2025,South,Sea,Standard,Carrier C,809.7,88,10.30,10.41,0.11,2305,1,8.69
SHP100647,15-07-2025,Central,Road,Standard,Carrier C,439.1,39,4.78,4.94,0.17,2627,1,8.33
SHP100648,17-12-2025,East,Sea,Fragile,Carrier D,457.3,26,9.52,11.27,1.75,1655,0,6.39
SHP100649,06-11-2025,South,Road,Standard,Carrier B,716,42,5.39,7.54,2.14,3754,0,6.21
SHP100650,28-06-2025,West,Rail,Standard,Carrier A,2477.8,92,11.01,10.56,0.00,9491,1,7.4
SHP100651,27-08-2025,South,Road,Standard,Carrier D,389.4,108,4.67,2.47,0.00,2559,1,8.97
SHP100652,15-03-2025,East,Road,Express,Carrier D,586.4,76,5.10,4.87,0.00,4136,1,8.93
SHP100653,21-10-2025,East,Road,Bulk,Carrier D,1278.1,132,6.64,7.68,1.04,6630,0,7.33
SHP100654,21-07-2025,West,Road,Express,Carrier B,1141.4,186,6.34,5.87,0.00,8522,1,8.49
SHP100655,14-07-2025,East,Road,Bulk,Carrier C,912,44,5.83,6.35,0.52,4656,1,8.07
SHP100656,07-10-2025,South,Road,Bulk,Carrier E,221.4,159,4.29,6.10,1.81,1369,0,6.33
SHP100657,20-08-2025,South,Rail,Standard,Carrier D,650.2,51,6.94,7.20,0.26,2452,1,8.93
SHP100658,27-01-2025,North,Road,Standard,Carrier E,2081.7,117,8.43,8.71,0.28,13414,1,7.18
SHP100659,16-04-2025,South,Road,Standard,Carrier C,447.5,96,4.79,4.00,0.00,2969,1,8.81
SHP100660,06-03-2025,North,Sea,Standard,Carrier A,436.5,17,9.47,7.86,0.00,1356,1,9.02
SHP100661,26-09-2025,South,Sea,Express,Carrier D,1791.7,32,12.48,12.26,0.00,7115,1,9.58
SHP100662,13-01-2025,North,Road,Standard,Carrier C,715,27,5.39,6.07,0.68,4658,1,7.06
SHP100663,15-03-2025,North,Road,Standard,Carrier A,232.1,19,4.32,3.50,0.00,1431,1,9.43
SHP100664,07-08-2025,Central,Rail,Standard,Carrier A,358.1,107,6.30,6.54,0.25,1249,1,9.46
SHP100665,11-09-2025,South,Air,Express,Carrier B,518.8,232,2.85,2.09,0.00,9759,1,7.59
SHP100666,03-07-2025,Central,Road,Express,Carrier A,885.1,51,5.77,4.65,0.00,6854,1,8.16
SHP100667,11-11-2025,North,Air,Bulk,Carrier D,666,105,3.18,2.67,0.00,8339,1,7.79
SHP100668,02-12-2025,North,Road,Standard,Carrier D,424,158,4.74,5.61,0.87,2810,1,7.85
SHP100669,18-02-2025,West,Road,Standard,Carrier B,672,69,5.29,5.03,0.00,3706,1,9.28
SHP100670,14-12-2025,North,Air,Bulk,Carrier A,447.3,59,2.69,2.41,0.00,6774,1,8.16
SHP100671,13-08-2025,South,Rail,Express,Carrier A,2155.3,51,10.29,8.70,0.00,10763,1,9.32
SHP100672,21-08-2025,West,Sea,Express,Carrier E,345.6,86,9.27,8.42,0.00,1477,1,8.9
SHP100673,04-02-2025,South,Road,Standard,Carrier B,561.7,107,5.05,6.21,1.16,3212,0,8.17
SHP100674,15-08-2025,North,Road,Standard,Carrier A,511.8,81,4.94,5.57,0.64,2742,1,8.45
SHP100675,22-09-2025,West,Road,Bulk,Carrier D,517.2,80,4.95,4.68,0.00,2613,1,9.02
SHP100676,31-07-2025,North,Road,Express,Carrier E,371.1,58,4.62,4.68,0.05,3012,1,9.64
SHP100677,31-01-2025,East,Road,Express,Carrier A,1709.5,21,7.60,9.17,1.57,13310,0,4.34
SHP100678,10-07-2025,South,Road,Standard,Carrier E,2593.5,108,9.56,10.23,0.66,17694,1,5.85
SHP100679,08-12-2025,Central,Road,Standard,Carrier D,952.9,26,5.92,6.52,0.60,5479,1,7.34
SHP100680,22-09-2025,East,Rail,Standard,Carrier B,902.4,90,7.51,8.94,1.43,3400,0,6.8
SHP100681,20-02-2025,Central,Road,Fragile,Carrier D,260.6,99,4.38,4.85,0.47,2103,1,8.2
SHP100682,17-12-2025,East,Road,Standard,Carrier C,1684.3,29,7.54,8.45,0.91,9651,1,6.12
SHP100683,16-12-2025,South,Rail,Standard,Carrier D,447,41,6.49,6.03,0.00,1804,1,8.19
SHP100684,03-03-2025,West,Road,Standard,Carrier A,242,240,4.34,2.55,0.00,1450,1,9.37
SHP100685,20-10-2025,South,Sea,Bulk,Carrier B,1060.6,57,10.86,11.35,0.49,2315,1,8.36
SHP100686,29-05-2025,East,Road,Standard,Carrier D,1419.6,27,6.95,8.05,1.10,8389,0,6.46
SHP100687,05-08-2025,West,Road,Standard,Carrier E,1674.2,102,7.52,7.19,0.00,9630,1,8.21
SHP100688,12-06-2025,South,Sea,Express,Carrier A,566.3,37,9.76,10.35,0.59,2005,1,8.58
SHP100689,13-10-2025,Central,Rail,Fragile,Carrier B,525,17,6.67,6.49,0.00,2426,1,8.85
SHP100690,30-12-2025,South,Rail,Express,Carrier D,857.9,85,7.41,4.77,0.00,4553,1,10
SHP100691,18-10-2025,West,Rail,Bulk,Carrier E,666.1,33,6.98,6.18,0.00,2001,1,9.63
SHP100692,06-12-2025,East,Road,Standard,Carrier D,1073.6,74,6.19,5.11,0.00,5979,1,9.75
SHP100693,12-12-2025,South,Rail,Bulk,Carrier D,863.5,36,7.42,7.91,0.49,2865,1,8.08
SHP100694,02-02-2025,West,Sea,Bulk,Carrier B,423.8,96,9.44,8.58,0.00,1039,1,9.36
SHP100695,03-04-2025,East,Sea,Standard,Carrier A,1707.3,68,12.29,14.13,1.83,4631,0,5.66
SHP100696,21-09-2025,South,Road,Express,Carrier D,1077.6,11,6.19,6.70,0.51,8908,1,7.1
SHP100697,04-08-2025,West,Road,Standard,Carrier D,1399.4,77,6.91,5.85,0.00,8175,1,7.72
SHP100698,19-01-2025,South,Air,Standard,Carrier C,428.6,50,2.65,1.82,0.00,6019,1,10
SHP100699,04-02-2025,West,Road,Standard,Carrier C,1058.6,152,6.15,6.77,0.61,5844,1,7.28
SHP100700,09-07-2025,South,Road,Standard,Carrier B,1240.9,78,6.56,7.78,1.23,6584,0,6.64
SHP100701,13-08-2025,Central,Road,Bulk,Carrier C,842.7,99,5.67,3.66,0.00,4263,1,7.89
SHP100702,03-03-2025,Central,Road,Standard,Carrier B,368.4,38,4.62,5.24,0.62,2635,1,8.47
SHP100703,04-03-2025,South,Road,Express,Carrier C,794.2,36,5.56,2.44,0.00,6645,1,7.8
SHP100704,17-02-2025,North,Road,Standard,Carrier A,1169.9,59,6.40,6.17,0.00,5931,1,8.92
SHP100705,26-07-2025,West,Road,Standard,Carrier D,1457.7,48,7.04,8.30,1.26,9116,0,5.32
SHP100706,03-01-2025,East,Road,Standard,Carrier B,275,144,4.41,8.57,4.16,1778,0,3.84
SHP100707,28-07-2025,North,Sea,Standard,Carrier D,832.2,55,10.35,10.47,0.13,2403,1,7.83
SHP100708,23-06-2025,South,Road,Express,Carrier C,315.5,27,4.50,2.47,0.00,2348,1,8.74
SHP100709,20-06-2025,South,Road,Bulk,Carrier E,1179.3,35,6.42,5.93,0.00,7105,1,8.06
SHP100710,05-09-2025,Central,Road,Standard,Carrier B,1370.5,113,6.85,7.22,0.38,7247,1,7.39
SHP100711,10-07-2025,North,Road,Bulk,Carrier B,403.7,54,4.70,4.33,0.00,2173,1,8.76
SHP100712,23-09-2025,Central,Sea,Express,Carrier B,356.8,52,9.29,7.83,0.00,1306,1,9.72
SHP100713,06-10-2025,North,Sea,Express,Carrier D,509.1,120,9.63,8.84,0.00,2199,1,10
SHP100714,02-12-2025,Central,Road,Standard,Carrier A,681.7,33,5.31,6.07,0.75,4122,1,7.96
SHP100715,19-10-2025,South,Road,Standard,Carrier D,467,14,4.84,4.74,0.00,3073,1,8.41
SHP100716,08-07-2025,South,Road,Bulk,Carrier E,1243.7,35,6.56,5.65,0.00,6685,1,8.32
SHP100717,29-06-2025,Central,Road,Express,Carrier D,1462.3,71,7.05,5.88,0.00,10758,1,7.41
SHP100718,28-03-2025,Central,Road,Standard,Carrier A,810.8,51,5.60,5.43,0.00,6155,1,8.86
SHP100719,07-08-2025,North,Road,Fragile,Carrier C,477,22,4.86,4.46,0.00,3582,1,8.96
SHP100720,20-02-2025,North,Road,Standard,Carrier C,666.3,117,5.28,4.87,0.00,3782,1,7.9
SHP100721,06-12-2025,North,Rail,Fragile,Carrier B,810.7,67,7.30,8.79,1.49,3875,0,7.5
SHP100722,05-11-2025,North,Road,Standard,Carrier C,648.1,78,5.24,5.38,0.14,4155,1,9.07
SHP100723,13-02-2025,South,Road,Bulk,Carrier D,719.1,79,5.40,3.48,0.00,3898,1,9.57
SHP100724,14-10-2025,Central,Road,Standard,Carrier E,1392.6,26,6.89,8.37,1.48,8530,0,5.85
SHP100725,12-02-2025,South,Road,Standard,Carrier B,457.6,73,4.82,5.40,0.58,3034,1,8.34
SHP100726,21-09-2025,East,Road,Express,Carrier B,2262.8,109,8.83,7.24,0.00,19493,1,5.5
SHP100727,02-02-2025,South,Road,Standard,Carrier B,825.7,127,5.63,5.31,0.00,4657,1,8.6
SHP100728,28-06-2025,South,Road,Bulk,Carrier C,626.6,96,5.19,4.38,0.00,3944,1,8.96
SHP100729,29-08-2025,West,Road,Express,Carrier C,450.5,84,4.80,4.88,0.08,4344,1,8.23
SHP100730,24-09-2025,North,Air,Standard,Carrier D,475.5,20,2.76,2.73,0.00,7467,1,8.34
SHP100731,02-06-2025,West,Sea,Standard,Carrier B,763.9,60,10.20,10.11,0.00,2240,1,9.12
SHP100732,03-12-2025,South,Road,Bulk,Carrier B,822.2,32,5.63,5.51,0.00,4167,1,8.46
SHP100733,10-10-2025,Central,Road,Express,Carrier A,612.7,139,5.16,3.06,0.00,4879,1,9.36
SHP100734,18-03-2025,East,Air,Bulk,Carrier A,313.9,126,2.40,4.71,2.32,3955,0,5.72
SHP100735,02-09-2025,Central,Rail,Standard,Carrier A,763.9,33,7.20,8.26,1.06,2273,0,7.77
SHP100736,24-09-2025,South,Road,Bulk,Carrier B,481.1,59,4.87,4.11,0.00,2894,1,8.11
SHP100737,02-05-2025,North,Road,Standard,Carrier D,231.6,71,4.31,4.94,0.62,1579,1,8.65
SHP100738,27-09-2025,North,Road,Express,Carrier D,1099,108,6.24,7.06,0.82,7344,1,6.89
SHP100739,24-11-2025,West,Rail,Standard,Carrier E,253.7,20,6.06,6.13,0.06,1061,1,9.67
SHP100740,26-10-2025,North,Road,Standard,Carrier C,596.2,14,5.12,7.32,2.19,3477,0,5.36
SHP100741,06-10-2025,South,Road,Bulk,Carrier C,707,62,5.37,8.83,3.46,3587,0,4.72
SHP100742,20-08-2025,North,Road,Bulk,Carrier E,1581.6,12,7.31,7.57,0.25,8296,1,6.5
SHP100743,09-04-2025,South,Road,Standard,Carrier A,239.2,67,4.33,3.76,0.00,1225,1,9.53
SHP100744,18-10-2025,North,Road,Bulk,Carrier D,1171.2,89,6.40,5.66,0.00,5965,1,8.31
SHP100745,13-05-2025,South,Rail,Standard,Carrier E,1283.2,135,8.35,5.91,0.00,4986,1,8.79
SHP100746,14-07-2025,South,Road,Standard,Carrier C,1870.8,40,7.96,9.49,1.54,10984,0,5.32
SHP100747,25-04-2025,West,Road,Standard,Carrier B,1431.5,67,6.98,6.57,0.00,7295,1,7.66
SHP100748,25-04-2025,North,Road,Standard,Carrier D,721.6,92,5.40,6.81,1.41,4525,0,6.65
SHP100749,27-02-2025,North,Air,Standard,Carrier E,1202.8,28,4.37,6.01,1.64,19326,0,4.24
SHP100750,17-12-2025,West,Road,Standard,Carrier B,1627.8,109,7.42,6.17,0.00,9977,1,8.05
SHP100751,23-02-2025,East,Road,Standard,Carrier C,202.9,72,4.25,3.88,0.00,1245,1,9.36
SHP100752,01-02-2025,North,Road,Express,Carrier A,312.2,41,4.49,6.20,1.71,3160,0,6.23
SHP100753,08-12-2025,West,Air,Fragile,Carrier B,874.5,66,3.64,3.91,0.27,14141,1,7.72
SHP100754,22-07-2025,Central,Air,Express,Carrier D,1274.4,55,4.53,3.37,0.00,26945,1,5.09
SHP100755,09-06-2025,West,Sea,Standard,Carrier C,1075.1,100,10.89,9.69,0.00,3278,1,8.51
SHP100756,27-09-2025,Central,Rail,Fragile,Carrier A,923.1,48,7.55,8.04,0.49,5106,1,8.17
SHP100757,20-05-2025,East,Road,Standard,Carrier B,1855,70,7.92,10.36,2.43,11282,0,4.62
SHP100758,16-02-2025,South,Road,Fragile,Carrier A,611.9,40,5.16,6.40,1.24,4662,0,6.98
SHP100759,24-09-2025,North,Road,Express,Carrier D,468.5,33,4.84,4.75,0.00,3923,1,8.59
SHP100760,06-03-2025,West,Rail,Standard,Carrier E,540.1,67,6.70,8.53,1.83,1858,0,7.35
SHP100761,21-07-2025,Central,Rail,Standard,Carrier A,885.8,34,7.47,9.37,1.91,3029,0,7.46
SHP100762,13-12-2025,North,Road,Fragile,Carrier B,704.8,102,5.37,6.50,1.13,4942,0,6.04
SHP100763,08-12-2025,South,Sea,Bulk,Carrier E,1317.7,89,11.43,14.72,3.29,3603,0,5.36
SHP100764,12-05-2025,West,Road,Express,Carrier E,485.4,37,4.88,3.89,0.00,3936,1,8.75
SHP100765,12-10-2025,South,Road,Bulk,Carrier D,956.8,69,5.93,7.29,1.36,4783,0,7.03
SHP100766,12-08-2025,East,Road,Bulk,Carrier D,1205.4,37,6.48,6.73,0.25,6891,1,8.68
SHP100767,24-06-2025,West,Sea,Standard,Carrier E,1627.1,21,12.12,13.15,1.04,3675,0,6.03
SHP100768,21-02-2025,East,Sea,Express,Carrier B,348.8,41,9.28,8.99,0.00,1203,1,9.65
SHP100769,18-05-2025,Central,Road,Standard,Carrier E,533.4,58,4.99,5.82,0.83,2370,1,8.67
SHP100770,26-08-2025,West,Sea,Standard,Carrier E,673,85,10.00,12.74,2.75,2244,0,5.21
SHP100771,27-12-2025,West,Sea,Standard,Carrier B,285.7,66,9.13,10.23,1.09,870,0,7.12
SHP100772,02-01-2025,East,Air,Bulk,Carrier A,918.6,109,3.74,4.99,1.25,12666,0,6.63
SHP100773,19-09-2025,East,Sea,Express,Carrier C,910,32,10.52,9.63,0.00,3431,1,7.86
SHP100774,05-11-2025,Central,Road,Standard,Carrier D,862.6,47,5.72,6.23,0.52,5600,1,8.05
SHP100775,14-12-2025,South,Air,Standard,Carrier E,647.6,176,3.14,2.08,0.00,9473,1,8.38
SHP100776,04-06-2025,West,Rail,Standard,Carrier A,1520.8,17,8.88,9.90,1.02,5887,0,7.36
SHP100777,13-02-2025,South,Air,Express,Carrier B,542.1,45,2.90,3.30,0.39,10979,1,7.39
SHP100778,09-04-2025,Central,Road,Bulk,Carrier D,1437.4,30,6.99,7.09,0.09,7457,1,7.89
SHP100779,07-11-2025,West,Air,Standard,Carrier A,534.4,53,2.89,4.80,1.91,9107,0,5.75
SHP100780,17-11-2025,North,Sea,Standard,Carrier D,342.7,45,9.26,11.41,2.15,878,0,6.17
SHP100781,21-08-2025,South,Road,Express,Carrier B,725.4,89,5.41,4.98,0.00,5721,1,8.13
SHP100782,14-02-2025,North,Sea,Standard,Carrier A,811.6,71,10.30,11.35,1.05,2455,0,7.7
SHP100783,14-02-2025,East,Road,Standard,Carrier B,966.1,26,5.95,5.97,0.02,5679,1,7.58
SHP100784,24-06-2025,South,Road,Standard,Carrier D,167.8,41,4.17,3.96,0.00,990,1,9.55
SHP100785,03-08-2025,South,Road,Standard,Carrier E,604.5,60,5.14,4.00,0.00,3389,1,7.47
SHP100786,12-01-2025,Central,Air,Standard,Carrier A,2165.4,98,6.51,6.26,0.00,36378,1,3.54
SHP100787,08-09-2025,East,Rail,Bulk,Carrier C,509.7,293,6.63,7.21,0.58,2077,1,8.58
SHP100788,18-07-2025,South,Road,Standard,Carrier B,1285.2,95,6.66,4.85,0.00,9367,1,7.4
SHP100789,05-01-2025,North,Rail,Standard,Carrier D,3000,31,12.17,13.23,1.06,11744,0,5.43
SHP100790,04-02-2025,Central,Road,Express,Carrier D,2405,57,9.14,9.92,0.78,18358,1,5.15
SHP100791,15-06-2025,East,Road,Bulk,Carrier E,376.9,68,4.64,5.33,0.69,2123,1,8.53
SHP100792,21-09-2025,West,Sea,Standard,Carrier B,1220.6,43,11.21,8.11,0.00,3539,1,9
SHP100793,29-10-2025,North,Rail,Standard,Carrier B,1267,82,8.32,8.42,0.11,5414,1,7.75
SHP100794,07-06-2025,North,Air,Express,Carrier B,1104.5,14,4.15,2.25,0.00,19112,1,6.27
SHP100795,18-04-2025,South,Rail,Standard,Carrier D,337.7,86,6.25,5.65,0.00,1141,1,9.35
SHP100796,20-12-2025,East,Sea,Express,Carrier C,858.4,44,10.41,12.08,1.67,3447,0,6.86
SHP100797,17-06-2025,South,Road,Standard,Carrier A,854.8,56,5.70,3.00,0.00,5427,1,7.95
SHP100798,26-04-2025,South,Road,Standard,Carrier E,307.9,156,4.48,3.65,0.00,2031,1,9.15
SHP100799,11-06-2025,East,Road,Standard,Carrier A,626.3,27,5.19,6.85,1.65,3923,0,7.18
SHP100800,05-01-2025,Central,Rail,Express,Carrier E,882.1,72,7.46,6.25,0.00,4699,1,8.91
SHP100801,21-04-2025,East,Rail,Standard,Carrier A,712.1,101,7.08,6.89,0.00,2333,1,9.24
SHP100802,08-07-2025,North,Air,Standard,Carrier C,1153.9,67,4.26,7.00,2.74,17327,0,3.99
SHP100803,02-12-2025,North,Road,Standard,Carrier B,616.4,21,5.17,6.00,0.84,4078,1,7.77
SHP100804,27-09-2025,North,Road,Fragile,Carrier D,804.7,145,5.59,7.41,1.82,6021,0,5.65
SHP100805,13-10-2025,North,Rail,Standard,Carrier C,1335.2,53,8.47,9.44,0.97,4354,1,7
SHP100806,18-07-2025,West,Sea,Express,Carrier B,2012.5,43,12.97,12.46,0.00,7420,1,8.26
SHP100807,10-02-2025,North,Road,Express,Carrier C,333,49,4.54,5.69,1.15,2829,0,6.7
SHP100808,23-05-2025,West,Road,Standard,Carrier E,1127.4,47,6.31,8.50,2.19,7778,0,5.19
SHP100809,30-12-2025,Central,Road,Bulk,Carrier B,555.1,28,5.03,3.40,0.00,2287,1,9.27
SHP100810,17-01-2025,Central,Road,Bulk,Carrier B,973.7,67,5.96,6.22,0.26,5090,1,8.87
SHP100811,17-11-2025,South,Road,Standard,Carrier A,316.9,41,4.50,4.55,0.05,1723,1,8.2
SHP100812,07-09-2025,North,Road,Standard,Carrier D,1540.3,93,7.22,7.13,0.00,9573,1,7.86
SHP100813,14-04-2025,South,Rail,Standard,Carrier D,448.3,84,6.50,7.72,1.23,1848,0,7.52
SHP100814,11-10-2025,North,Road,Standard,Carrier D,1349.8,174,6.80,7.49,0.70,8013,1,7.22
SHP100815,02-11-2025,North,Road,Standard,Carrier A,344.8,53,4.57,7.18,2.61,2200,0,5.84
SHP100816,16-01-2025,South,Road,Bulk,Carrier D,276,36,4.41,5.78,1.37,1570,0,7.41
SHP100817,08-02-2025,East,Sea,Bulk,Carrier E,657.6,23,9.96,12.23,2.27,1579,0,7.07
SHP100818,31-08-2025,North,Road,Standard,Carrier E,863.6,251,5.72,4.74,0.00,4655,1,9.31
SHP100819,31-12-2025,Central,Road,Standard,Carrier E,2536.4,93,9.44,8.81,0.00,17002,1,7.75
SHP100820,09-01-2025,South,Road,Standard,Carrier B,850.7,38,5.69,4.96,0.00,5423,1,8.49
SHP100821,31-08-2025,South,Rail,Standard,Carrier D,376.3,181,6.34,7.96,1.62,1758,0,6.85
SHP100822,19-02-2025,North,Sea,Standard,Carrier C,1219.4,146,11.21,10.50,0.00,3319,1,8.31
SHP100823,26-08-2025,South,Road,Bulk,Carrier C,1696,25,7.57,6.59,0.00,9329,1,7.56
SHP100824,16-08-2025,South,Road,Bulk,Carrier B,432.2,37,4.76,3.57,0.00,2647,1,9.35
SHP100825,03-02-2025,Central,Road,Standard,Carrier D,1320,55,6.73,10.20,3.47,7625,0,4.27
SHP100826,06-09-2025,South,Rail,Express,Carrier E,1568.4,30,8.99,8.22,0.00,7935,1,8.45
SHP100827,24-11-2025,South,Sea,Express,Carrier D,1237.3,57,11.25,11.26,0.01,4255,1,8.31
SHP100828,12-11-2025,West,Road,Fragile,Carrier E,493,96,4.90,3.93,0.00,3364,1,8.48
SHP100829,11-01-2025,North,Road,Standard,Carrier E,869.3,25,5.73,7.23,1.50,4545,0,7.84
SHP100830,31-03-2025,West,Air,Standard,Carrier A,972.9,73,3.86,1.82,0.00,14390,1,6.54
SHP100831,29-03-2025,North,Air,Express,Carrier E,1513.1,129,5.06,3.64,0.00,28715,1,5.39
SHP100832,15-06-2025,East,Road,Standard,Carrier E,514.6,78,4.94,4.80,0.00,3161,1,9.1
SHP100833,22-02-2025,South,Road,Express,Carrier C,1340.1,57,6.78,6.43,0.00,9658,1,7.39
SHP100834,08-11-2025,North,Road,Standard,Carrier D,696.4,39,5.35,4.84,0.00,4039,1,8.08
SHP100835,11-10-2025,West,Air,Express,Carrier D,604.6,104,3.04,4.10,1.05,10813,0,5.9
SHP100836,23-10-2025,Central,Rail,Fragile,Carrier D,786.5,28,7.25,8.48,1.23,3673,0,7.48
SHP100837,14-03-2025,North,Rail,Standard,Carrier E,151.1,71,5.84,5.44,0.00,590,1,8.8
SHP100838,06-01-2025,West,Air,Standard,Carrier A,180.9,61,2.10,3.25,1.15,2725,0,8.37
SHP100839,29-11-2025,South,Road,Express,Carrier A,213.5,125,4.27,3.22,0.00,1775,1,8.99
SHP100840,16-04-2025,South,Road,Standard,Carrier B,999.5,41,6.02,5.44,0.00,5991,1,8.79
SHP100841,28-08-2025,South,Road,Express,Carrier C,649.1,44,5.24,5.67,0.43,4303,1,8.49
SHP100842,28-11-2025,East,Sea,Express,Carrier E,494,27,9.60,6.78,0.00,2020,1,9.96
SHP100843,14-01-2025,North,Rail,Standard,Carrier D,743.1,80,7.15,8.40,1.25,2790,0,7.14
SHP100844,02-01-2025,East,Road,Fragile,Carrier A,1359,46,6.82,7.05,0.23,9875,1,7.53
SHP100845,02-01-2025,South,Road,Standard,Carrier D,721.5,34,5.40,4.68,0.00,3467,1,8.05
SHP100846,27-02-2025,Central,Air,Express,Carrier C,369.6,37,2.52,4.37,1.85,6407,0,6.07
SHP100847,19-01-2025,East,Air,Standard,Carrier B,2783,86,7.88,7.97,0.09,38944,1,3.42
SHP100848,27-10-2025,South,Rail,Standard,Carrier D,767,29,7.20,8.40,1.20,3277,0,7.48
SHP100849,10-08-2025,South,Road,Standard,Carrier B,1576.8,31,7.30,7.73,0.42,9683,1,8.53
SHP100850,24-12-2025,South,Sea,Bulk,Carrier D,1244.4,108,11.27,11.81,0.54,3170,1,8.48
SHP100851,20-10-2025,East,Air,Bulk,Carrier A,579.2,54,2.99,3.40,0.41,6665,1,7.48
SHP100852,18-12-2025,South,Rail,Fragile,Carrier B,1994.9,112,9.93,10.03,0.10,8121,1,8.17
SHP100853,29-03-2025,West,Rail,Standard,Carrier C,520.5,48,6.66,8.41,1.76,2035,0,6.06
SHP100854,16-04-2025,North,Sea,Standard,Carrier D,988.8,60,10.70,12.17,1.47,3094,0,6.61
SHP100855,07-11-2025,East,Sea,Fragile,Carrier E,908.9,67,10.52,11.00,0.48,3313,1,7.58
SHP100856,31-03-2025,North,Rail,Express,Carrier B,962.6,149,7.64,6.14,0.00,5855,1,8.43
SHP100857,21-01-2025,West,Road,Standard,Carrier E,1794.6,141,7.79,7.12,0.00,9910,1,7.72
SHP100858,02-09-2025,Central,Road,Bulk,Carrier E,779.6,128,5.53,6.96,1.43,4082,0,7.6
SHP100859,20-10-2025,South,Air,Standard,Carrier B,874.6,40,3.64,5.10,1.46,10603,0,5.76
SHP100860,20-12-2025,East,Rail,Standard,Carrier A,901.8,32,7.50,8.84,1.34,3434,0,6.6
SHP100861,05-12-2025,South,Road,Bulk,Carrier B,2471.8,99,9.29,7.53,0.00,14264,1,7.88
SHP100862,13-02-2025,North,Road,Standard,Carrier D,1505,148,7.14,8.41,1.27,8025,0,4.86
SHP100863,09-10-2025,Central,Sea,Standard,Carrier D,267.4,128,9.09,10.89,1.80,1074,0,6.99
SHP100864,05-11-2025,West,Sea,Express,Carrier D,533.3,61,9.69,9.18,0.00,2438,1,9.11
SHP100865,12-09-2025,West,Sea,Bulk,Carrier D,814.1,97,10.31,12.59,2.28,2035,0,6.21
SHP100866,27-10-2025,South,Road,Standard,Carrier A,1772.2,98,7.74,6.32,0.00,10947,1,7.85
SHP100867,02-11-2025,North,Air,Fragile,Carrier C,1877.2,66,5.87,7.41,1.54,38533,0,1.12
SHP100868,12-06-2025,North,Air,Standard,Carrier E,750.9,68,3.37,2.60,0.00,11198,1,7.81
SHP100869,15-01-2025,West,Road,Standard,Carrier B,522,64,4.96,6.18,1.22,3355,0,6.99
SHP100870,16-06-2025,North,Road,Standard,Carrier E,685.7,36,5.32,6.43,1.10,3315,0,6.66
SHP100871,15-03-2025,North,Sea,Standard,Carrier A,832.8,39,10.35,12.82,2.47,2538,0,5.86
SHP100872,11-02-2025,North,Road,Standard,Carrier E,656,38,5.26,6.23,0.97,4052,1,6.94
SHP100873,15-02-2025,South,Rail,Standard,Carrier D,1600.9,21,9.06,8.69,0.00,5181,1,8.14
SHP100874,12-09-2025,North,Rail,Express,Carrier D,616,66,6.87,6.00,0.00,2868,1,9.56
SHP100875,04-07-2025,South,Rail,Express,Carrier D,436,59,6.47,5.58,0.00,2388,1,9.86
SHP100876,17-07-2025,Central,Road,Express,Carrier E,676.3,99,5.30,4.32,0.00,5320,1,9.14
SHP100877,29-09-2025,West,Air,Fragile,Carrier B,937.9,137,3.78,5.68,1.90,18659,0,4.44
SHP100878,20-07-2025,South,Road,Standard,Carrier A,1619,143,7.40,8.96,1.57,9847,0,5.83
SHP100879,18-08-2025,West,Air,Standard,Carrier E,414,152,2.62,0.90,0.00,6302,1,8.91
SHP100880,01-02-2025,East,Road,Standard,Carrier A,941.6,37,5.89,6.64,0.74,5427,1,7.76
SHP100881,07-11-2025,South,Rail,Express,Carrier D,959.5,24,7.63,7.10,0.00,4956,1,9.65
SHP100882,13-06-2025,South,Air,Standard,Carrier B,1072,110,4.08,3.28,0.00,16952,1,6.07
SHP100883,26-02-2025,South,Road,Standard,Carrier E,615.6,148,5.17,5.77,0.60,4070,1,8.34
SHP100884,24-10-2025,South,Road,Standard,Carrier E,1060.9,166,6.16,7.94,1.78,6075,0,5.47
SHP100885,26-09-2025,East,Air,Standard,Carrier C,1225.1,83,4.42,6.15,1.73,20080,0,4.27
SHP100886,20-01-2025,Central,Road,Bulk,Carrier C,611.4,16,5.16,7.01,1.85,3269,0,5.6
SHP100887,12-03-2025,South,Road,Express,Carrier C,873.9,77,5.74,4.32,0.00,7226,1,7.53
SHP100888,06-01-2025,East,Road,Standard,Carrier C,702.7,87,5.36,6.10,0.74,4301,1,7.05
SHP100889,09-04-2025,South,Sea,Express,Carrier E,474.2,136,9.55,8.07,0.00,2050,1,9.2
SHP100890,06-02-2025,West,Rail,Express,Carrier B,322.1,153,6.22,5.79,0.00,1615,1,9.33
SHP100891,17-09-2025,East,Road,Standard,Carrier E,520.3,109,4.96,6.04,1.08,3306,0,8.85
SHP100892,10-07-2025,North,Sea,Standard,Carrier D,544.5,41,9.71,11.21,1.50,1822,0,7.17
SHP100893,24-12-2025,South,Road,Express,Carrier E,318.8,31,4.51,5.42,0.91,2609,1,8.25
SHP100894,01-10-2025,West,Road,Standard,Carrier D,1018.3,85,6.06,6.86,0.79,6141,1,7.47
SHP100895,12-08-2025,Central,Road,Standard,Carrier E,1278.4,36,6.64,5.95,0.00,7050,1,8.6
SHP100896,05-07-2025,South,Road,Standard,Carrier C,690.8,157,5.34,3.88,0.00,4463,1,8.74
SHP100897,20-01-2025,South,Road,Fragile,Carrier C,756.5,20,5.48,6.53,1.05,5269,0,7.82
SHP100898,26-01-2025,South,Rail,Bulk,Carrier B,567.8,87,6.76,8.59,1.83,2127,0,6.18
SHP100899,13-08-2025,West,Road,Fragile,Carrier B,729.9,74,5.42,5.74,0.32,4806,1,6.85
SHP100900,02-01-2025,West,Rail,Standard,Carrier A,1065.7,53,7.87,6.11,0.00,3852,1,8.99
SHP100901,16-01-2025,East,Road,Standard,Carrier B,942.7,33,5.89,8.99,3.10,5183,0,3.67
SHP100902,21-03-2025,East,Road,Express,Carrier E,727.2,16,5.42,5.98,0.56,6767,1,8.29
SHP100903,19-11-2025,Central,Road,Fragile,Carrier E,544.3,43,5.01,5.86,0.85,3860,1,7.4
SHP100904,17-06-2025,East,Rail,Bulk,Carrier D,1214.1,43,8.20,7.55,0.00,3697,1,8.21
SHP100905,16-09-2025,South,Air,Fragile,Carrier B,580.3,124,2.99,3.46,0.47,8376,1,8.9
SHP100906,31-05-2025,West,Road,Standard,Carrier C,335.4,36,4.55,5.34,0.79,1800,1,8.1
SHP100907,05-03-2025,North,Road,Express,Carrier D,841.9,81,5.67,5.95,0.28,7035,1,7.76
SHP100908,16-05-2025,North,Road,Bulk,Carrier A,237.1,26,4.33,3.95,0.00,1295,1,9.6
SHP100909,03-02-2025,Central,Air,Express,Carrier E,919.2,82,3.74,3.28,0.00,16908,1,7.03
SHP100910,09-10-2025,West,Road,Express,Carrier E,961.1,14,5.94,4.53,0.00,7093,1,8.84
SHP100911,08-03-2025,Central,Air,Standard,Carrier E,516.8,236,2.85,5.06,2.21,9398,0,4.33
SHP100912,18-05-2025,North,Road,Express,Carrier A,564.7,55,5.05,5.78,0.73,5728,1,7.83
SHP100913,24-12-2025,West,Road,Standard,Carrier E,1319.9,10,6.73,6.13,0.00,8555,1,7.81
SHP100914,05-08-2025,North,Air,Standard,Carrier D,2329.6,38,6.88,5.93,0.00,39086,1,2.38
SHP100915,17-06-2025,South,Road,Fragile,Carrier C,782.9,34,5.54,6.31,0.77,6560,1,7.37
SHP100916,18-07-2025,South,Road,Bulk,Carrier A,523.5,39,4.96,4.50,0.00,3234,1,7.86
SHP100917,14-10-2025,West,Sea,Bulk,Carrier C,966.4,48,10.65,10.17,0.00,2308,1,9.52
SHP100918,03-04-2025,South,Road,Standard,Carrier B,709.4,39,5.38,4.17,0.00,3837,1,8.6
SHP100919,21-08-2025,Central,Road,Standard,Carrier E,927.2,35,5.86,5.00,0.00,6400,1,8.07
SHP100920,15-11-2025,South,Road,Standard,Carrier B,843.5,28,5.67,5.96,0.29,4472,1,8.22
SHP100921,28-07-2025,South,Road,Fragile,Carrier B,856.6,103,5.70,5.85,0.14,5528,1,8.21
SHP100922,12-06-2025,East,Air,Express,Carrier E,192.2,132,2.13,5.00,2.87,3590,0,5.84
SHP100923,22-02-2025,South,Road,Bulk,Carrier A,563.6,51,5.05,5.84,0.78,2820,1,7.35
SHP100924,01-04-2025,Central,Sea,Standard,Carrier E,530,60,9.68,8.65,0.00,1243,1,8.98
SHP100925,12-12-2025,East,Rail,Express,Carrier E,525.3,29,6.67,4.90,0.00,2280,1,8.9
SHP100926,17-07-2025,South,Sea,Fragile,Carrier B,1115,63,10.98,11.89,0.91,3704,1,7.06
SHP100927,20-04-2025,West,Air,Standard,Carrier D,355.4,70,2.49,2.03,0.00,4656,1,8.71
SHP100928,02-06-2025,West,Sea,Bulk,Carrier D,192.8,52,8.93,10.46,1.53,603,0,6.99
SHP100929,30-07-2025,East,Rail,Express,Carrier C,517.9,78,6.65,6.98,0.32,2684,1,7.78
SHP100930,16-07-2025,East,Road,Standard,Carrier D,452.5,74,4.81,3.23,0.00,2910,1,9.2
SHP100931,13-09-2025,East,Road,Standard,Carrier A,786.2,30,5.55,5.07,0.00,4826,1,9.45
SHP100932,04-04-2025,West,Rail,Bulk,Carrier C,450.4,131,6.50,5.72,0.00,1593,1,9.16
SHP100933,25-08-2025,North,Road,Express,Carrier C,646.1,53,5.24,5.44,0.21,5652,1,8.14
SHP100934,11-06-2025,West,Air,Fragile,Carrier C,589.4,179,3.01,2.15,0.00,11258,1,7.46
SHP100935,10-12-2025,Central,Road,Fragile,Carrier E,1569.8,79,7.29,8.11,0.83,10924,1,6.26
SHP100936,27-02-2025,West,Air,Standard,Carrier E,457.9,217,2.72,1.18,0.00,5998,1,9.04
SHP100937,24-02-2025,West,Road,Fragile,Carrier D,1074.9,130,6.19,6.55,0.36,8195,1,7.64
SHP100938,18-06-2025,North,Sea,Bulk,Carrier C,724.2,70,10.11,10.93,0.83,1583,1,6.91
SHP100939,05-07-2025,East,Road,Standard,Carrier C,1337.3,38,6.77,9.15,2.38,8094,0,5.73
SHP100940,10-09-2025,Central,Road,Fragile,Carrier A,1858.3,38,7.93,8.86,0.93,13294,1,6.54
SHP100941,28-05-2025,South,Air,Standard,Carrier C,717.2,85,3.29,2.45,0.00,9088,1,8.22
SHP100942,30-11-2025,South,Air,Standard,Carrier B,241.7,66,2.24,4.05,1.82,3681,0,5
SHP100943,23-06-2025,West,Air,Standard,Carrier E,357,41,2.49,2.28,0.00,5347,1,8.51
SHP100944,17-02-2025,North,Sea,Bulk,Carrier D,304.8,104,9.18,10.47,1.29,908,0,8.13
SHP100945,13-02-2025,West,Road,Standard,Carrier E,565.5,62,5.06,4.35,0.00,3434,1,9.04
SHP100946,22-12-2025,South,Air,Standard,Carrier E,510.9,104,2.84,3.04,0.20,7149,1,8.07
SHP100947,18-02-2025,North,Road,Express,Carrier C,868.9,32,5.73,4.51,0.00,7234,1,8.69
SHP100948,12-12-2025,West,Road,Standard,Carrier C,1275.7,116,6.63,7.01,0.37,6985,1,7.85
SHP100949,12-04-2025,West,Road,Fragile,Carrier D,226.3,84,4.30,5.58,1.27,1575,0,8.21
SHP100950,04-02-2025,West,Road,Bulk,Carrier C,758.6,131,5.49,4.92,0.00,4244,1,8.78
SHP100951,22-04-2025,East,Rail,Standard,Carrier B,466.1,114,6.54,6.60,0.07,2054,1,9.02
SHP100952,13-08-2025,West,Air,Standard,Carrier D,775,57,3.42,3.83,0.41,12032,1,7.37
SHP100953,06-06-2025,East,Road,Bulk,Carrier C,567,54,5.06,4.81,0.00,2825,1,8.71
SHP100954,14-10-2025,West,Sea,Standard,Carrier E,1148.6,192,11.05,9.31,0.00,2900,1,8.31
SHP100955,12-08-2025,West,Road,Standard,Carrier B,373.2,50,4.63,5.04,0.41,2591,1,8.46
SHP100956,27-05-2025,West,Road,Bulk,Carrier C,485.1,98,4.88,4.75,0.00,2086,1,9.38
SHP100957,20-08-2025,South,Rail,Bulk,Carrier C,686.4,47,7.03,6.98,0.00,2388,1,9.51
SHP100958,21-12-2025,South,Road,Express,Carrier E,604.7,18,5.14,5.14,0.00,5750,1,8.95
SHP100959,31-05-2025,West,Road,Express,Carrier C,683.8,27,5.32,5.38,0.06,5469,1,8.38
SHP100960,26-02-2025,Central,Rail,Bulk,Carrier A,260.7,79,6.08,6.19,0.11,921,1,9.01
SHP100961,30-05-2025,West,Road,Express,Carrier B,1692.2,95,7.56,5.57,0.00,13905,1,6.76
SHP100962,03-11-2025,South,Road,Express,Carrier E,540,79,5.00,3.67,0.00,4440,1,8.8
SHP100963,21-03-2025,West,Air,Fragile,Carrier B,389.4,127,2.57,3.59,1.02,8778,0,5.76
SHP100964,13-12-2025,South,Road,Express,Carrier B,696.4,78,5.35,4.90,0.00,5125,1,8.56
SHP100965,03-08-2025,East,Air,Standard,Carrier A,762.6,36,3.39,3.46,0.07,10015,1,9.21
SHP100966,08-08-2025,East,Air,Standard,Carrier D,2138.5,89,6.45,6.25,0.00,30168,1,3.54
SHP100967,26-04-2025,West,Road,Standard,Carrier A,1399.6,67,6.91,7.62,0.71,9615,1,7
SHP100968,02-12-2025,West,Road,Standard,Carrier B,596.9,42,5.13,4.87,0.00,3338,1,9.05
SHP100969,14-01-2025,North,Road,Standard,Carrier D,1915.1,82,8.06,9.32,1.27,11681,0,6.15
SHP100970,20-04-2025,North,Rail,Standard,Carrier E,1694.6,64,9.27,10.68,1.41,7061,0,5.93
SHP100971,02-06-2025,Central,Road,Fragile,Carrier B,391.8,41,4.67,4.96,0.29,3074,1,8.81
SHP100972,24-06-2025,East,Sea,Standard,Carrier B,2435.7,54,13.91,15.70,1.79,7563,0,5.61
SHP100973,23-06-2025,West,Road,Standard,Carrier A,546.1,151,5.01,5.17,0.16,3852,1,7.77
SHP100974,23-02-2025,North,Rail,Standard,Carrier C,818.7,148,7.32,8.03,0.71,3353,1,8.48
SHP100975,24-03-2025,South,Road,Standard,Carrier E,1541.1,68,7.22,4.81,0.00,8612,1,8.33
SHP100976,04-02-2025,South,Road,Fragile,Carrier B,227,63,4.30,3.64,0.00,1710,1,8.58
SHP100977,28-07-2025,South,Road,Standard,Carrier B,684.1,24,5.32,4.37,0.00,3875,1,8.46
SHP100978,09-05-2025,North,Rail,Standard,Carrier B,897.9,184,7.50,7.53,0.03,4383,1,8.31
SHP100979,26-07-2025,Central,Sea,Fragile,Carrier E,1368.4,118,11.54,12.32,0.78,4525,1,6.76
SHP100980,04-08-2025,West,Road,Standard,Carrier C,740,98,5.44,5.62,0.18,4683,1,8.82
SHP100981,14-09-2025,South,Road,Standard,Carrier D,228.9,14,4.31,4.74,0.43,1152,1,9.11
SHP100982,19-07-2025,South,Road,Fragile,Carrier D,2128.9,62,8.53,8.19,0.00,15336,1,6.66
SHP100983,25-08-2025,North,Road,Express,Carrier D,756.6,56,5.48,5.98,0.50,5874,1,7.79
SHP100984,03-08-2025,East,Sea,Fragile,Carrier C,919.4,94,10.54,13.67,3.13,3546,0,4.96
SHP100985,27-08-2025,North,Sea,Fragile,Carrier C,279,45,9.12,9.46,0.34,1117,1,8.92
SHP100986,14-08-2025,East,Sea,Bulk,Carrier C,1650.1,52,12.17,12.10,0.00,4615,1,7.89
SHP100987,26-04-2025,East,Road,Standard,Carrier A,551.1,90,5.02,4.94,0.00,3726,1,9.05
SHP100988,31-03-2025,South,Road,Fragile,Carrier C,467.2,36,4.84,5.39,0.55,3322,1,7.51
SHP100989,15-10-2025,West,Air,Express,Carrier E,1433.6,42,4.89,3.58,0.00,25502,1,5.52
SHP100990,06-05-2025,Central,Road,Standard,Carrier A,299.8,68,4.47,2.78,0.00,1734,1,8.53
SHP100991,20-07-2025,North,Rail,Bulk,Carrier E,927.7,144,7.56,6.29,0.00,3306,1,8.13
SHP100992,13-03-2025,South,Road,Standard,Carrier C,458.1,102,4.82,6.09,1.27,2853,0,7.32
SHP100993,07-06-2025,Central,Road,Bulk,Carrier B,995.5,121,6.01,7.79,1.77,5256,0,6.28
SHP100994,13-07-2025,Central,Sea,Express,Carrier A,1159.1,63,11.08,12.52,1.44,4259,0,6.95
SHP100995,17-08-2025,West,Road,Standard,Carrier D,538.8,159,5.00,5.26,0.26,3704,1,7.97
SHP100996,12-07-2025,West,Sea,Standard,Carrier A,1592.4,19,12.04,10.90,0.00,3831,1,8.87
SHP100997,12-05-2025,South,Road,Bulk,Carrier C,757.4,225,5.48,5.08,0.00,3949,1,8.91
SHP100998,18-12-2025,East,Road,Express,Carrier A,2147.7,244,8.57,6.86,0.00,15458,1,7.46
SHP100999,07-07-2025,North,Road,Standard,Carrier E,1444.4,81,7.01,5.65,0.00,8318,1,8.12
SHP101000,23-10-2025,South,Road,Standard,Carrier A,811,104,5.60,6.00,0.39,5482,1,7.66
SHP101001,26-09-2025,West,Road,Fragile,Carrier E,807.4,59,5.59,6.56,0.97,5604,1,6.51
SHP101002,23-07-2025,Central,Road,Standard,Carrier C,319.3,53,4.51,7.06,2.55,1930,0,5.05
SHP101003,20-11-2025,East,Rail,Express,Carrier A,1432.5,41,8.68,8.59,0.00,7672,1,8.3
SHP101004,16-02-2025,South,Sea,Express,Carrier D,506.2,58,9.62,7.46,0.00,1923,1,9.52
SHP101005,03-12-2025,South,Road,Standard,Carrier E,865.9,87,5.72,5.68,0.00,5326,1,8.02
SHP101006,07-11-2025,Central,Road,Express,Carrier B,2136.2,79,8.55,7.82,0.00,17250,1,6.67
SHP101007,03-07-2025,Central,Road,Standard,Carrier E,1574.6,219,7.30,7.03,0.00,8418,1,7.9
SHP101008,25-09-2025,West,Air,Bulk,Carrier D,408.2,64,2.61,3.00,0.40,4944,1,8.48
SHP101009,09-07-2025,West,Rail,Bulk,Carrier D,760.1,23,7.19,5.79,0.00,2539,1,9.45
SHP101010,09-04-2025,North,Road,Standard,Carrier B,920.8,176,5.85,6.40,0.55,6352,1,6.41
SHP101011,19-10-2025,North,Road,Standard,Carrier A,1691.7,27,7.56,8.71,1.15,11096,0,6.68
SHP101012,31-03-2025,South,Road,Standard,Carrier C,1542.9,42,7.23,8.96,1.73,10878,0,5.56
SHP101013,25-04-2025,South,Road,Bulk,Carrier E,1069,72,6.18,6.63,0.46,5649,1,7.6
SHP101014,09-07-2025,South,Road,Standard,Carrier C,1007.8,79,6.04,7.34,1.30,5670,0,6.55
SHP101015,02-11-2025,East,Sea,Express,Carrier D,751.4,24,10.17,9.66,0.00,2862,1,8.94
SHP101016,21-05-2025,South,Road,Bulk,Carrier D,904.3,37,5.81,5.56,0.00,4534,1,8.37
SHP101017,30-06-2025,South,Road,Standard,Carrier B,645,23,5.23,6.88,1.65,3617,0,6.22
SHP101018,16-01-2025,West,Road,Express,Carrier A,1225.8,90,6.52,4.25,0.00,10088,1,7.33
SHP101019,12-02-2025,South,Rail,Standard,Carrier E,1040.2,130,7.81,7.45,0.00,4156,1,8.14
SHP101020,21-01-2025,South,Road,Express,Carrier D,1401.5,27,6.91,7.61,0.70,9713,1,7.65
SHP101021,27-01-2025,West,Road,Standard,Carrier C,1377.8,115,6.86,6.62,0.00,9095,1,7.91
SHP101022,14-11-2025,North,Road,Bulk,Carrier C,504.7,110,4.92,4.99,0.07,2231,1,10
SHP101023,04-11-2025,West,Rail,Standard,Carrier E,166.2,39,5.87,5.56,0.00,671,1,9.49
SHP101024,27-10-2025,Central,Road,Standard,Carrier D,480,17,4.87,5.30,0.43,3139,1,8.66
SHP101025,21-01-2025,South,Sea,Fragile,Carrier D,900,30,10.50,12.20,1.70,3310,0,6.14
SHP101026,29-01-2025,Central,Road,Fragile,Carrier D,645.6,41,5.23,6.95,1.71,4448,0,6.4
SHP101027,13-04-2025,Central,Road,Express,Carrier B,628.9,164,5.20,4.81,0.00,6189,1,8.41
SHP101028,26-07-2025,East,Sea,Express,Carrier D,461.6,56,9.53,10.78,1.26,1771,0,7.18
SHP101029,02-05-2025,West,Air,Standard,Carrier E,978.8,31,3.88,4.27,0.39,11394,1,6.75
SHP101030,27-06-2025,West,Road,Express,Carrier B,233.1,66,4.32,4.61,0.29,2018,1,8.93
SHP101031,05-03-2025,West,Sea,Standard,Carrier C,1063.8,26,10.86,9.68,0.00,2487,1,9.23
SHP101032,24-09-2025,West,Road,Standard,Carrier D,1075.9,84,6.19,8.19,2.00,5828,0,5.19
SHP101033,25-04-2025,South,Road,Bulk,Carrier C,1382.9,32,6.87,7.23,0.35,7383,1,7.88
SHP101034,25-01-2025,Central,Sea,Express,Carrier E,3000,35,15.17,11.61,0.00,10858,1,7.89
SHP101035,29-09-2025,West,Air,Standard,Carrier C,155.1,77,2.04,3.95,1.91,2476,0,6.28
SHP101036,26-11-2025,East,Road,Standard,Carrier B,1046.7,188,6.13,6.83,0.71,5625,1,7.2
SHP101037,06-01-2025,North,Rail,Bulk,Carrier A,1174.6,252,8.11,8.06,0.00,4477,1,8.9
SHP101038,09-06-2025,South,Road,Standard,Carrier E,480.8,31,4.87,4.27,0.00,2379,1,7.59
SHP101039,29-10-2025,West,Road,Standard,Carrier D,674.7,41,5.30,5.80,0.51,4497,1,8.02
SHP101040,15-09-2025,West,Sea,Standard,Carrier C,556,84,9.74,8.71,0.00,1635,1,10
SHP101041,09-11-2025,North,Road,Standard,Carrier C,1087.9,129,6.22,5.95,0.00,7432,1,6.73
SHP101042,01-06-2025,North,Rail,Standard,Carrier C,1474.8,15,8.78,8.54,0.00,5022,1,9.02
SHP101043,16-05-2025,South,Rail,Bulk,Carrier E,347.7,64,6.27,6.04,0.00,1380,1,9.47
SHP101044,16-09-2025,West,Rail,Standard,Carrier D,986.5,44,7.69,7.10,0.00,3364,1,8.05
SHP101045,26-02-2025,North,Road,Standard,Carrier E,1660.8,17,7.49,8.87,1.38,7935,0,6.64
SHP101046,29-03-2025,Central,Sea,Express,Carrier E,503.9,25,9.62,9.53,0.00,1939,1,9.63
SHP101047,08-08-2025,South,Rail,Express,Carrier D,136.2,42,5.80,5.65,0.00,851,1,8.61
SHP101048,01-09-2025,North,Rail,Express,Carrier C,427.3,63,6.45,6.85,0.40,2390,1,8.11
SHP101049,13-02-2025,North,Road,Express,Carrier B,396.1,116,4.68,4.27,0.00,3664,1,8.8
SHP101050,05-07-2025,West,Road,Express,Carrier D,442.4,76,4.78,2.91,0.00,3856,1,9.3
SHP101051,14-05-2025,North,Road,Express,Carrier D,2113.8,112,8.50,10.27,1.78,15398,0,4.32
SHP101052,03-07-2025,West,Road,Fragile,Carrier C,2410.6,61,9.16,10.57,1.42,18463,0,4.53
SHP101053,16-12-2025,Central,Road,Express,Carrier A,1790.9,38,7.78,9.23,1.45,14190,0,4.85
SHP101054,28-01-2025,North,Rail,Fragile,Carrier E,637.1,54,6.92,8.86,1.94,2785,0,6.52
SHP101055,30-12-2025,West,Sea,Standard,Carrier E,1832.6,95,12.57,12.04,0.00,5387,1,9.08
SHP101056,14-06-2025,South,Road,Express,Carrier B,168,118,4.17,0.87,0.00,1480,1,9.21
SHP101057,09-10-2025,South,Road,Express,Carrier C,381.3,55,4.65,2.63,0.00,3504,1,8.62
SHP101058,04-06-2025,North,Rail,Standard,Carrier A,1243.9,33,8.26,9.40,1.13,4404,0,7.23
SHP101059,24-04-2025,South,Road,Bulk,Carrier E,532.7,75,4.98,4.97,0.00,2649,1,8.52
SHP101060,09-10-2025,West,Sea,Standard,Carrier B,349.5,82,9.28,8.79,0.00,1023,1,8.68
SHP101061,08-09-2025,West,Road,Standard,Carrier B,967.8,134,5.95,3.08,0.00,6936,1,8.91
SHP101062,22-02-2025,East,Road,Bulk,Carrier C,982.6,39,5.98,6.67,0.68,4632,1,8.67
SHP101063,15-09-2025,West,Road,Standard,Carrier B,1042.5,39,6.12,4.87,0.00,6905,1,7.26
SHP101064,02-10-2025,West,Sea,Standard,Carrier D,1116.2,99,10.98,10.15,0.00,3008,1,9.22
SHP101065,22-05-2025,North,Road,Standard,Carrier E,938.2,46,5.88,7.26,1.38,5817,0,7.18
SHP101066,04-12-2025,South,Rail,Bulk,Carrier E,715.8,45,7.09,6.01,0.00,2422,1,8.33
SHP101067,22-08-2025,South,Road,Standard,Carrier C,800.9,136,5.58,4.61,0.00,5461,1,8.23
SHP101068,02-05-2025,West,Road,Express,Carrier A,1254.5,25,6.59,6.10,0.00,10930,1,7.26
SHP101069,04-01-2025,Central,Sea,Fragile,Carrier E,916.7,230,10.54,12.19,1.65,3375,0,7.82
SHP101070,04-09-2025,South,Road,Express,Carrier B,571,41,5.07,4.01,0.00,4296,1,9.59
SHP101071,18-03-2025,West,Road,Bulk,Carrier E,475.6,106,4.86,6.54,1.69,2926,0,6.3
SHP101072,04-10-2025,East,Road,Fragile,Carrier B,796.6,56,5.57,5.15,0.00,5328,1,7.71
SHP101073,11-07-2025,East,Sea,Standard,Carrier C,1656.2,72,12.18,11.21,0.00,3713,1,9.21
SHP101074,20-06-2025,West,Road,Bulk,Carrier C,1126.7,51,6.30,4.53,0.00,4627,1,8.93
SHP101075,01-03-2025,West,Road,Standard,Carrier C,1709.7,105,7.60,5.70,0.00,8486,1,8.67
SHP101076,17-09-2025,West,Sea,Standard,Carrier A,630.2,48,9.90,10.29,0.39,1940,1,8.01
SHP101077,02-03-2025,East,Rail,Standard,Carrier C,874.8,42,7.44,7.02,0.00,4039,1,9.12
SHP101078,02-06-2025,South,Sea,Express,Carrier C,957.3,196,10.63,8.41,0.00,3101,1,8.48
SHP101079,02-11-2025,Central,Air,Standard,Carrier E,1289.8,62,4.57,5.30,0.74,17303,1,5.94
SHP101080,02-12-2025,South,Rail,Express,Carrier C,630.8,39,6.90,7.25,0.35,3240,1,8.41
SHP101081,28-12-2025,East,Road,Standard,Carrier E,1124.9,23,6.30,8.21,1.91,7566,0,6.8
SHP101082,16-12-2025,South,Road,Standard,Carrier B,1599.9,203,7.36,8.46,1.11,8757,0,6.8
SHP101083,22-07-2025,South,Air,Standard,Carrier B,740.6,42,3.35,2.39,0.00,11443,1,7.32
SHP101084,15-03-2025,South,Air,Fragile,Carrier A,437.5,230,2.67,3.44,0.77,8021,1,7.18
SHP101085,03-11-2025,North,Sea,Standard,Carrier D,1632.6,78,12.13,13.10,0.97,5906,1,7.15
SHP101086,20-10-2025,North,Rail,Standard,Carrier A,1188.1,66,8.14,7.99,0.00,4532,1,8.01
SHP101087,28-12-2025,South,Road,Standard,Carrier B,298.8,67,4.46,4.75,0.29,1871,1,9.79
SHP101088,26-08-2025,North,Road,Standard,Carrier E,751.7,255,5.47,4.43,0.00,4800,1,9.48
SHP101089,21-02-2025,North,Rail,Express,Carrier D,2191,15,10.37,9.35,0.00,10516,1,7.55
SHP101090,03-07-2025,East,Road,Standard,Carrier C,1070.4,69,6.18,7.31,1.13,6948,0,7.22
SHP101091,13-06-2025,Central,Air,Standard,Carrier E,795.7,51,3.47,5.50,2.03,10249,0,6.28
SHP101092,04-11-2025,West,Rail,Bulk,Carrier D,402.2,53,6.39,7.72,1.32,1107,0,8.24
SHP101093,24-05-2025,South,Road,Standard,Carrier E,401.5,66,4.69,5.55,0.86,2438,1,7.75
SHP101094,30-04-2025,North,Rail,Standard,Carrier D,1241.8,51,8.26,8.75,0.49,5018,1,7.9
SHP101095,30-01-2025,Central,Rail,Fragile,Carrier C,425.4,68,6.45,7.01,0.56,1956,1,7.42
SHP101096,01-11-2025,South,Sea,Express,Carrier A,961.6,59,10.64,8.37,0.00,3788,1,9.19
SHP101097,03-10-2025,North,Road,Express,Carrier B,739.2,26,5.44,4.18,0.00,5128,1,9.23
SHP101098,16-01-2025,Central,Rail,Standard,Carrier D,926.5,77,7.56,6.94,0.00,3900,1,9.44
SHP101099,08-06-2025,Central,Road,Standard,Carrier B,700,96,5.36,6.32,0.96,4515,1,7.83
SHP101100,25-06-2025,North,Road,Standard,Carrier D,1040.5,42,6.11,7.60,1.49,6134,0,6.71
SHP101101,21-06-2025,West,Road,Standard,Carrier A,1377.7,203,6.86,7.71,0.85,8335,1,6.4
SHP101102,02-12-2025,North,Sea,Standard,Carrier A,707.3,144,10.07,11.83,1.76,1970,0,7.05
SHP101103,24-02-2025,East,Sea,Bulk,Carrier B,1305.8,104,11.40,12.18,0.78,2806,1,7.61
SHP101104,22-04-2025,South,Road,Express,Carrier B,1754.7,104,7.70,5.97,0.00,13695,1,7.41
SHP101105,08-03-2025,South,Rail,Standard,Carrier E,956.7,62,7.63,7.67,0.04,3819,1,8.29
SHP101106,31-03-2025,West,Road,Standard,Carrier B,1222.8,127,6.52,5.68,0.00,7701,1,8.4
SHP101107,28-11-2025,South,Rail,Express,Carrier C,350.1,168,6.28,6.43,0.16,1906,1,9.61
SHP101108,10-12-2025,West,Road,Standard,Carrier C,716.6,102,5.39,4.98,0.00,4586,1,8.84
SHP101109,17-01-2025,North,Rail,Standard,Carrier B,276.8,42,6.12,6.40,0.29,1213,1,9.02
SHP101110,19-08-2025,Central,Road,Standard,Carrier E,562.9,59,5.05,6.15,1.10,3303,0,7.98
SHP101111,26-03-2025,East,Air,Express,Carrier D,722.5,88,3.31,2.45,0.00,14667,1,7.93
SHP101112,12-03-2025,North,Road,Express,Carrier A,2304.5,104,8.92,9.73,0.81,17790,1,5.37
SHP101113,17-04-2025,East,Rail,Standard,Carrier B,479.9,57,6.57,5.72,0.00,1864,1,9.38
SHP101114,12-03-2025,South,Rail,Standard,Carrier A,772.9,42,7.22,7.67,0.45,2959,1,9.17
SHP101115,28-06-2025,North,Road,Express,Carrier B,426.1,169,4.75,4.34,0.00,4255,1,9.06
SHP101116,30-12-2025,South,Road,Express,Carrier D,684.7,30,5.32,5.67,0.35,5886,1,6.88
SHP101117,03-08-2025,Central,Sea,Express,Carrier E,1050.9,33,10.84,8.85,0.00,4349,1,8.28
SHP101118,21-09-2025,East,Rail,Standard,Carrier C,1155.2,25,8.07,7.01,0.00,4106,1,9.13
SHP101119,30-06-2025,Central,Road,Express,Carrier A,628.7,33,5.20,5.66,0.46,4508,1,7.85
SHP101120,06-01-2025,Central,Road,Bulk,Carrier A,524.8,136,4.97,4.82,0.00,2948,1,9.7
SHP101121,31-01-2025,Central,Road,Express,Carrier C,1892.3,139,8.01,7.50,0.00,16836,1,7.62
SHP101122,09-04-2025,South,Rail,Standard,Carrier B,599.6,58,6.83,6.17,0.00,2675,1,8.63
SHP101123,30-03-2025,Central,Rail,Express,Carrier C,185.8,83,5.91,6.56,0.65,814,1,7.88
SHP101124,03-11-2025,West,Road,Standard,Carrier A,1605,60,7.37,7.71,0.34,11700,1,6.82
SHP101125,04-11-2025,North,Rail,Standard,Carrier B,213.5,28,5.97,6.65,0.68,861,1,8.18
SHP101126,08-11-2025,West,Air,Standard,Carrier C,1606.5,255,5.27,3.92,0.00,25646,1,5.97
SHP101127,21-08-2025,North,Air,Bulk,Carrier B,280.5,147,2.32,3.30,0.98,3064,1,7.1
SHP101128,23-07-2025,North,Road,Standard,Carrier B,318.1,76,4.51,3.77,0.00,1923,1,9.49
SHP101129,25-08-2025,South,Road,Bulk,Carrier B,374.4,35,4.63,3.97,0.00,2098,1,9.81
SHP101130,29-05-2025,South,Road,Standard,Carrier A,569.4,52,5.07,3.60,0.00,2967,1,9.36
SHP101131,02-09-2025,North,Road,Standard,Carrier B,1615.9,38,7.39,7.61,0.22,6713,1,8.25
SHP101132,17-10-2025,Central,Road,Standard,Carrier B,382,64,4.65,6.17,1.52,2385,0,7.01
SHP101133,06-10-2025,West,Road,Express,Carrier E,1049,74,6.13,5.69,0.00,8330,1,9.03
SHP101134,13-08-2025,West,Road,Standard,Carrier E,912.7,48,5.83,5.32,0.00,6102,1,8.25
SHP101135,22-01-2025,North,Rail,Standard,Carrier C,817.6,23,7.32,7.84,0.53,3021,1,8.76
SHP101136,22-09-2025,North,Road,Standard,Carrier B,1438.6,241,7.00,7.52,0.52,8708,1,7.21
SHP101137,14-05-2025,South,Air,Standard,Carrier C,860.3,70,3.61,3.79,0.18,13431,1,5.93
SHP101138,29-09-2025,East,Road,Standard,Carrier D,901.7,81,5.80,6.71,0.90,5923,1,7.13
SHP101139,16-07-2025,South,Rail,Standard,Carrier B,1216.2,46,8.20,7.11,0.00,4255,1,8.6
SHP101140,18-11-2025,East,Road,Standard,Carrier D,581.9,22,5.09,5.92,0.82,3717,1,7.67
SHP101141,04-05-2025,East,Air,Bulk,Carrier E,777.7,57,3.43,2.11,0.00,9260,1,7.49
SHP101142,06-12-2025,West,Air,Standard,Carrier C,955.7,49,3.82,4.49,0.66,13942,1,6.59
SHP101143,05-11-2025,Central,Road,Standard,Carrier A,1355.5,96,6.81,5.84,0.00,8509,1,8.39
SHP101144,01-05-2025,North,Rail,Standard,Carrier A,716.1,109,7.09,8.85,1.75,3075,0,6.53
SHP101145,26-06-2025,Central,Road,Standard,Carrier E,769.2,99,5.51,3.00,0.00,4774,1,8.43
SHP101146,13-07-2025,East,Rail,Express,Carrier C,1034.1,115,7.80,9.72,1.93,4831,0,5.61
SHP101147,08-10-2025,East,Road,Standard,Carrier B,724.7,195,5.41,4.23,0.00,3713,1,8.92
SHP101148,09-09-2025,West,Road,Standard,Carrier D,487.6,78,4.88,3.50,0.00,2876,1,9.68
SHP101149,07-11-2025,East,Road,Express,Carrier E,1214.9,123,6.50,6.84,0.34,10547,1,7.97
SHP101150,16-05-2025,Central,Sea,Standard,Carrier C,863.3,83,10.42,11.43,1.01,2685,0,7.36
SHP101151,04-07-2025,North,Road,Bulk,Carrier B,610.7,18,5.16,5.23,0.07,3136,1,9.88
SHP101152,07-06-2025,East,Rail,Bulk,Carrier E,373.9,55,6.33,8.06,1.73,1256,0,6.83
SHP101153,28-11-2025,East,Road,Standard,Carrier A,216.4,34,4.28,4.06,0.00,1353,1,8.62
SHP101154,22-04-2025,North,Road,Standard,Carrier E,1066.9,70,6.17,6.11,0.00,5704,1,7.7
SHP101155,03-08-2025,Central,Road,Standard,Carrier C,480.2,36,4.87,4.82,0.00,3035,1,8.3
SHP101156,13-02-2025,North,Sea,Standard,Carrier A,269.4,89,9.10,8.88,0.00,965,1,9.42
SHP101157,07-11-2025,West,Air,Standard,Carrier B,443.5,114,2.69,0.50,0.00,6315,1,8.21
SHP101158,21-05-2025,South,Road,Express,Carrier D,953,132,5.92,5.29,0.00,8034,1,7.71
SHP101159,05-05-2025,South,Air,Standard,Carrier D,477.2,173,2.76,2.73,0.00,6047,1,7.93
SHP101160,01-08-2025,East,Road,Standard,Carrier A,964.9,20,5.94,7.88,1.94,5734,0,5.42
SHP101161,02-07-2025,North,Road,Standard,Carrier D,544.3,28,5.01,3.93,0.00,3140,1,8.39
SHP101162,06-11-2025,North,Road,Bulk,Carrier E,774.6,405,5.52,5.19,0.00,4991,1,9.13
SHP101163,13-07-2025,South,Road,Bulk,Carrier D,817.4,116,5.62,7.10,1.48,4128,0,7.85
SHP101164,08-07-2025,North,Road,Standard,Carrier D,1175.4,70,6.41,7.15,0.74,7514,1,8.25
SHP101165,08-02-2025,East,Rail,Express,Carrier A,1198,62,8.16,8.79,0.63,5885,1,8.01
SHP101166,09-01-2025,Central,Road,Standard,Carrier D,790.8,58,5.56,6.38,0.82,3592,1,7.5
SHP101167,26-05-2025,South,Sea,Express,Carrier D,414.9,17,9.42,9.35,0.00,1561,1,8.77
SHP101168,31-12-2025,West,Rail,Express,Carrier A,1533,37,8.91,10.30,1.39,7846,0,6.77
SHP101169,01-12-2025,North,Sea,Bulk,Carrier B,602.6,56,9.84,10.34,0.51,1558,1,8.37
SHP101170,18-08-2025,West,Rail,Standard,Carrier E,147.2,38,5.83,4.66,0.00,612,1,9.52
SHP101171,19-08-2025,North,Sea,Standard,Carrier E,931.1,41,10.57,11.70,1.13,2534,0,8.62
SHP101172,23-05-2025,North,Road,Bulk,Carrier A,954.5,318,5.92,5.67,0.00,5146,1,8.66
SHP101173,06-03-2025,North,Road,Standard,Carrier D,618.2,51,5.17,5.45,0.27,3292,1,9.76
SHP101174,04-01-2025,West,Road,Standard,Carrier C,281.6,72,4.43,4.85,0.43,1446,1,8.01
SHP101175,04-05-2025,West,Sea,Express,Carrier C,244.2,71,9.04,7.40,0.00,1065,1,9.47
SHP101176,26-04-2025,North,Road,Fragile,Carrier C,648.1,89,5.24,5.40,0.16,4339,1,8.65
SHP101177,11-03-2025,East,Rail,Express,Carrier E,388.7,44,6.36,6.91,0.55,2248,1,7.8
SHP101178,05-04-2025,East,Air,Fragile,Carrier C,1352.8,136,4.71,5.13,0.42,18876,1,6.17
SHP101179,10-01-2025,North,Road,Express,Carrier C,631.9,81,5.20,6.02,0.82,5160,1,8.36
SHP101180,10-08-2025,East,Sea,Standard,Carrier D,583.4,26,9.80,9.36,0.00,2017,1,10
SHP101181,05-12-2025,East,Road,Express,Carrier C,2161.3,56,8.60,7.46,0.00,16678,1,6.85
SHP101182,10-09-2025,South,Road,Fragile,Carrier E,160.3,54,4.16,6.80,2.64,1235,0,4.85
SHP101183,13-06-2025,West,Rail,Bulk,Carrier B,770.4,52,7.21,5.45,0.00,2604,1,9.23
SHP101184,03-06-2025,North,Road,Standard,Carrier E,221,84,4.29,4.66,0.37,1478,1,9.1
SHP101185,23-04-2025,East,Road,Standard,Carrier D,1629.6,91,7.42,10.25,2.83,9175,0,4.2
SHP101186,21-02-2025,South,Road,Fragile,Carrier E,266,84,4.39,4.81,0.42,1784,1,8.7
SHP101187,07-08-2025,West,Road,Standard,Carrier B,978.3,75,5.97,7.52,1.55,6196,0,6.17
SHP101188,26-07-2025,South,Air,Standard,Carrier C,893.9,64,3.69,4.54,0.85,10586,1,6.5
SHP101189,03-01-2025,West,Sea,Fragile,Carrier A,218.1,15,8.98,9.33,0.34,826,1,9.39
SHP101190,01-06-2025,Central,Road,Standard,Carrier E,982.9,100,5.98,6.13,0.15,5662,1,9.03
SHP101191,12-04-2025,North,Road,Standard,Carrier E,542.8,83,5.01,2.97,0.00,3315,1,8.15
SHP101192,04-03-2025,Central,Road,Standard,Carrier B,1101.4,32,6.25,6.18,0.00,6098,1,8.1
SHP101193,14-09-2025,Central,Sea,Standard,Carrier A,519.7,72,9.65,10.22,0.57,1739,1,7.53
SHP101194,11-07-2025,Central,Air,Fragile,Carrier D,985.2,92,3.89,4.81,0.92,18064,1,6.25
SHP101195,20-08-2025,South,Road,Standard,Carrier D,722.5,129,5.41,8.34,2.94,4224,0,5.51
SHP101196,18-09-2025,East,Road,Standard,Carrier C,983.4,84,5.99,7.01,1.02,5596,0,6.09
SHP101197,25-12-2025,South,Sea,Standard,Carrier A,1089,74,10.92,11.74,0.82,3074,1,7.82
SHP101198,21-10-2025,North,Sea,Standard,Carrier E,673.3,112,10.00,11.74,1.74,2446,0,6.66
SHP101199,15-08-2025,Central,Road,Standard,Carrier C,604.3,49,5.14,6.06,0.92,3147,1,7.31
SHP101200,17-11-2025,West,Air,Standard,Carrier D,1071.2,79,4.08,3.98,0.00,17382,1,7.07
SHP101201,24-06-2025,West,Road,Standard,Carrier E,548.2,40,5.02,4.92,0.00,3421,1,9.39
SHP101202,26-12-2025,North,Road,Standard,Carrier C,682.4,124,5.32,5.31,0.00,4787,1,8.75
SHP101203,05-10-2025,East,Air,Standard,Carrier A,1821.1,21,5.75,6.96,1.21,28108,0,2.85
SHP101204,26-08-2025,East,Road,Standard,Carrier E,775.5,103,5.52,6.03,0.50,4662,1,7.64
SHP101205,26-11-2025,North,Road,Standard,Carrier D,1198.5,61,6.46,7.58,1.12,7766,0,6.73
SHP101206,08-07-2025,Central,Sea,Standard,Carrier E,495.1,113,9.60,8.74,0.00,1662,1,8.87
SHP101207,21-09-2025,South,Sea,Standard,Carrier D,976.5,36,10.67,10.94,0.27,2978,1,8.56
SHP101208,14-04-2025,South,Road,Standard,Carrier E,693.8,64,5.34,7.23,1.88,4662,0,6.57
SHP101209,18-12-2025,West,Rail,Standard,Carrier E,614.7,63,6.87,6.61,0.00,2412,1,8.15
SHP101210,16-08-2025,Central,Air,Express,Carrier B,207.4,80,2.16,3.88,1.72,4030,0,6.16
SHP101211,13-10-2025,South,Rail,Standard,Carrier A,392,31,6.37,6.66,0.29,1390,1,8.79
SHP101212,18-06-2025,South,Sea,Fragile,Carrier A,190.2,91,8.92,9.31,0.39,790,1,9.65
SHP101213,13-11-2025,South,Rail,Express,Carrier D,2245.9,18,10.49,10.03,0.00,10265,1,8.15
SHP101214,28-01-2025,Central,Road,Standard,Carrier B,716.9,39,5.39,5.33,0.00,4071,1,8.72
SHP101215,11-02-2025,South,Road,Standard,Carrier C,778.8,22,5.53,3.35,0.00,4125,1,8.93
SHP101216,05-07-2025,West,Air,Standard,Carrier D,1330.7,103,4.66,5.67,1.01,20479,0,4.67
SHP101217,25-09-2025,Central,Sea,Standard,Carrier C,919.9,78,10.54,13.37,2.82,2498,0,6.05
SHP101218,23-10-2025,South,Road,Standard,Carrier A,612.1,81,5.16,5.81,0.65,3234,1,8.28
SHP101219,10-06-2025,West,Road,Standard,Carrier B,616,157,5.17,5.79,0.62,3443,1,8.75
SHP101220,26-08-2025,West,Air,Fragile,Carrier A,371.7,49,2.53,2.67,0.14,6245,1,7.44
SHP101221,21-07-2025,East,Road,Standard,Carrier B,1027,90,6.08,8.11,2.03,5796,0,5.45
SHP101222,17-12-2025,North,Road,Express,Carrier D,1049.6,63,6.13,5.79,0.00,8514,1,8.13
SHP101223,27-08-2025,North,Sea,Fragile,Carrier C,784.9,57,10.24,11.30,1.06,2755,0,7.89
SHP101224,02-06-2025,South,Air,Standard,Carrier D,705.1,141,3.27,1.57,0.00,10890,1,8.91
SHP101225,20-12-2025,East,Sea,Bulk,Carrier A,1055.5,234,10.85,10.94,0.09,2862,1,7.81
SHP101226,09-02-2025,East,Rail,Bulk,Carrier D,365.9,46,6.31,7.44,1.12,1342,0,7.76
SHP101227,26-12-2025,South,Road,Standard,Carrier C,950.9,104,5.91,7.06,1.14,4635,0,7.16
SHP101228,26-02-2025,North,Sea,Standard,Carrier B,1882.1,74,12.68,14.16,1.48,4737,0,6.9
SHP101229,16-04-2025,Central,Road,Standard,Carrier D,504.7,75,4.92,3.41,0.00,3190,1,9.82
SHP101230,27-10-2025,South,Road,Standard,Carrier A,662.5,71,5.27,3.67,0.00,4069,1,9.2
SHP101231,25-09-2025,North,Sea,Standard,Carrier C,1587.3,49,12.03,13.10,1.07,4942,0,6.35
SHP101232,21-12-2025,West,Rail,Standard,Carrier C,785.7,6,7.25,6.39,0.00,2469,1,9.83
SHP101233,01-10-2025,North,Sea,Standard,Carrier A,1256.4,164,11.29,12.72,1.43,3612,0,7.84
SHP101234,21-08-2025,South,Road,Fragile,Carrier E,985.5,38,5.99,4.57,0.00,6829,1,8.41
SHP101235,07-05-2025,North,Sea,Standard,Carrier B,1036.5,52,10.80,11.09,0.29,3027,1,7.65
SHP101236,02-01-2025,South,Rail,Standard,Carrier A,486.4,52,6.58,6.64,0.06,1883,1,8.93
SHP101237,15-02-2025,West,Rail,Standard,Carrier C,476.5,36,6.56,7.11,0.55,1920,1,8.65
SHP101238,19-04-2025,East,Sea,Fragile,Carrier E,1156.3,71,11.07,10.93,0.00,4003,1,9.28
SHP101239,15-01-2025,West,Road,Express,Carrier D,298,59,4.46,1.50,0.00,2717,1,7.97
SHP101240,05-07-2025,South,Air,Standard,Carrier D,681.8,38,3.22,3.51,0.30,11611,1,6.67
SHP101241,11-10-2025,East,Rail,Express,Carrier E,1056.2,66,7.85,8.45,0.61,4806,1,8.45
SHP101242,18-12-2025,South,Air,Standard,Carrier A,660.3,59,3.17,4.43,1.26,9704,0,7.04
SHP101243,28-06-2025,East,Sea,Express,Carrier C,709.6,110,10.08,9.66,0.00,3097,1,9.12
SHP101244,16-11-2025,North,Rail,Express,Carrier B,1294.5,25,8.38,8.97,0.59,6873,1,8.15
SHP101245,26-12-2025,East,Road,Standard,Carrier D,1704.1,36,7.59,8.85,1.26,9539,0,6.49
SHP101246,10-11-2025,South,Road,Express,Carrier E,2790.4,97,10.00,10.92,0.92,22601,1,5.01
SHP101247,19-06-2025,South,Sea,Bulk,Carrier A,1615.8,40,12.09,12.13,0.04,3336,1,8.88
SHP101248,29-04-2025,North,Sea,Fragile,Carrier A,575.5,34,9.78,8.54,0.00,2020,1,9.33
SHP101249,23-12-2025,South,Sea,Standard,Carrier E,433.8,41,9.46,9.49,0.02,1109,1,8.52
SHP101250,30-03-2025,South,Road,Express,Carrier C,580.7,57,5.09,4.59,0.00,4882,1,8.98
SHP101251,31-05-2025,East,Road,Standard,Carrier B,1067.2,57,6.17,7.47,1.30,5573,0,6.16
SHP101252,28-01-2025,East,Air,Fragile,Carrier A,619.2,53,3.08,2.36,0.00,11221,1,7.93
SHP101253,17-10-2025,South,Air,Fragile,Carrier B,498.7,31,2.81,2.90,0.09,9146,1,7.52
SHP101254,26-08-2025,Central,Road,Standard,Carrier A,1830.1,100,7.87,9.17,1.30,10830,0,6.18
SHP101255,31-01-2025,East,Rail,Standard,Carrier B,606.5,143,6.85,7.43,0.58,2312,1,7.77
SHP101256,23-03-2025,Central,Road,Standard,Carrier A,1016.4,17,6.06,6.01,0.00,5794,1,8.16
SHP101257,22-07-2025,West,Road,Standard,Carrier A,1000,22,6.02,8.21,2.19,6503,0,5.78
SHP101258,17-07-2025,West,Road,Standard,Carrier E,210.8,116,4.27,3.04,0.00,1384,1,9.58
SHP101259,20-10-2025,West,Road,Standard,Carrier D,1763.1,167,7.72,9.14,1.42,10518,0,6.48
SHP101260,08-04-2025,West,Road,Express,Carrier E,351.3,15,4.58,5.06,0.47,2612,1,7.74
SHP101261,04-12-2025,Central,Sea,Standard,Carrier B,278.9,103,9.12,9.16,0.04,981,1,8.36
SHP101262,12-06-2025,South,Air,Standard,Carrier B,563.1,175,2.95,3.01,0.06,8518,1,7.37
SHP101263,28-10-2025,North,Sea,Express,Carrier B,437.8,34,9.47,9.13,0.00,1580,1,8.55
SHP101264,29-03-2025,South,Road,Standard,Carrier C,1596.5,168,7.35,7.66,0.31,9571,1,8.28
SHP101265,14-01-2025,Central,Road,Standard,Carrier A,910.7,54,5.82,5.44,0.00,5235,1,9.26
SHP101266,21-01-2025,North,Road,Fragile,Carrier B,529.9,74,4.98,5.24,0.26,4418,1,7.79
SHP101267,17-05-2025,West,Rail,Bulk,Carrier E,271.9,38,6.10,5.70,0.00,896,1,10
SHP101268,14-12-2025,East,Road,Express,Carrier B,977.3,116,5.97,5.60,0.00,6787,1,8.97
SHP101269,18-01-2025,Central,Air,Standard,Carrier D,642.4,104,3.13,3.07,0.00,9917,1,6.85
SHP101270,15-05-2025,South,Air,Standard,Carrier B,1060.7,185,4.06,1.58,0.00,18355,1,5.77
SHP101271,09-02-2025,East,Sea,Bulk,Carrier E,914.4,154,10.53,11.34,0.81,2792,1,7.01
SHP101272,07-12-2025,Central,Road,Express,Carrier D,447.3,60,4.79,3.79,0.00,3237,1,8.81
SHP101273,04-09-2025,South,Road,Fragile,Carrier E,1144.7,455,6.34,4.65,0.00,8363,1,8.02
SHP101274,06-10-2025,East,Road,Express,Carrier C,324.7,145,4.52,4.12,0.00,2662,1,8.96
SHP101275,18-09-2025,North,Road,Standard,Carrier E,624.8,86,5.19,5.15,0.00,3790,1,7.65
SHP101276,28-08-2025,West,Rail,Standard,Carrier B,680,32,7.01,8.48,1.47,2645,0,6.34
SHP101277,10-10-2025,West,Road,Fragile,Carrier C,740,22,5.44,5.17,0.00,5102,1,8.69
SHP101278,03-01-2025,South,Air,Bulk,Carrier A,311.7,24,2.39,3.26,0.87,3560,1,8.06
SHP101279,12-11-2025,South,Road,Standard,Carrier A,1548.5,33,7.24,8.93,1.69,9882,0,4.53
SHP101280,28-09-2025,South,Sea,Express,Carrier D,446.5,148,9.49,8.17,0.00,1626,1,8.42
SHP101281,27-09-2025,South,Sea,Standard,Carrier B,233,83,9.02,9.06,0.05,729,1,9.78
SHP101282,24-05-2025,West,Road,Bulk,Carrier A,932.4,41,5.87,7.86,1.99,4169,0,5.55
SHP101283,20-10-2025,North,Sea,Standard,Carrier B,2226.8,55,13.45,14.11,0.66,6694,1,7.45
SHP101284,20-05-2025,South,Road,Express,Carrier B,210.1,51,4.27,4.10,0.00,1769,1,8.38
SHP101285,18-01-2025,West,Air,Standard,Carrier D,389.5,101,2.57,2.10,0.00,6263,1,8.81
SHP101286,28-11-2025,West,Sea,Express,Carrier A,1304.8,34,11.40,11.49,0.09,4602,1,7.41
SHP101287,27-03-2025,West,Air,Express,Carrier A,773.4,76,3.42,2.67,0.00,13325,1,7.01
SHP101288,07-02-2025,Central,Air,Standard,Carrier D,319.6,73,2.41,0.60,0.00,4549,1,9.16
SHP101289,15-08-2025,North,Road,Fragile,Carrier A,676.5,35,5.30,5.64,0.34,4742,1,8.52
SHP101290,27-03-2025,East,Air,Bulk,Carrier C,1907.1,169,5.94,5.28,0.00,24575,1,5.05
SHP101291,10-11-2025,South,Rail,Bulk,Carrier D,1650.1,50,9.17,9.40,0.23,4461,1,7.99
SHP101292,11-06-2025,East,Road,Standard,Carrier C,3000,32,10.47,10.11,0.00,18298,1,6.22
SHP101293,02-01-2025,Central,Road,Express,Carrier A,1177.1,105,6.42,6.57,0.15,8612,1,7.07
SHP101294,14-12-2025,East,Air,Express,Carrier D,551.9,63,2.93,2.98,0.05,10176,1,7.58
SHP101295,07-07-2025,West,Rail,Express,Carrier A,1290.5,79,8.37,6.23,0.00,7280,1,8.14
SHP101296,06-04-2025,West,Road,Standard,Carrier B,478.3,28,4.86,4.30,0.00,2193,1,8.8
SHP101297,05-09-2025,North,Sea,Express,Carrier A,713.2,102,10.08,10.50,0.41,2967,1,8.94
SHP101298,13-07-2025,West,Rail,Standard,Carrier C,480.7,248,6.57,7.89,1.32,2099,0,6.81
SHP101299,11-01-2025,East,Road,Standard,Carrier D,1174,27,6.41,6.07,0.00,6304,1,7.41
SHP101300,05-10-2025,Central,Road,Standard,Carrier D,1110.7,76,6.27,5.31,0.00,6318,1,8.06
SHP101301,27-05-2025,North,Rail,Standard,Carrier A,508.3,36,6.63,9.27,2.64,2147,0,5.81
SHP101302,13-09-2025,South,Air,Standard,Carrier B,1473.8,347,4.98,5.06,0.09,25980,1,4.9
SHP101303,23-11-2025,West,Rail,Standard,Carrier A,1760.8,135,9.41,9.52,0.11,7416,1,7.95
SHP101304,11-08-2025,South,Road,Fragile,Carrier B,555.4,72,5.03,4.63,0.00,4772,1,7.99
SHP101305,03-09-2025,South,Air,Standard,Carrier B,988.9,27,3.90,4.25,0.35,13385,1,6.19
SHP101306,03-04-2025,North,Rail,Standard,Carrier D,1826.7,32,9.56,11.93,2.37,5726,0,5.21
SHP101307,28-03-2025,East,Sea,Fragile,Carrier D,935.4,98,10.58,11.92,1.34,3379,0,6.85
SHP101308,01-06-2025,South,Road,Bulk,Carrier E,625.7,25,5.19,6.52,1.32,3416,0,7.78
SHP101309,08-11-2025,South,Air,Bulk,Carrier B,731.7,25,3.33,3.46,0.13,7457,1,8.14
SHP101310,11-07-2025,South,Road,Fragile,Carrier A,551,61,5.02,4.29,0.00,3587,1,8.51
SHP101311,08-05-2025,Central,Road,Bulk,Carrier A,1501.6,66,7.14,6.65,0.00,7003,1,8.84
SHP101312,12-10-2025,West,Rail,Express,Carrier E,1391,77,8.59,6.61,0.00,7259,1,8.44
SHP101313,08-11-2025,South,Air,Bulk,Carrier E,2488.4,45,7.23,7.58,0.35,31828,1,2.91
SHP101314,26-11-2025,South,Road,Bulk,Carrier B,470.6,110,4.85,6.35,1.51,2335,0,5.34
SHP101315,20-04-2025,West,Air,Standard,Carrier E,529.4,34,2.88,3.06,0.19,7886,1,7.12
SHP101316,17-09-2025,North,Road,Bulk,Carrier C,281.8,91,4.43,4.47,0.05,1416,1,9.43
SHP101317,04-08-2025,West,Road,Fragile,Carrier A,1072,69,6.18,5.62,0.00,7404,1,8.66
SHP101318,13-06-2025,North,Road,Fragile,Carrier B,357.5,89,4.59,5.75,1.16,2374,0,6.64
SHP101319,25-05-2025,Central,Road,Bulk,Carrier B,2412.3,130,9.16,8.04,0.00,12061,1,7.75
SHP101320,11-02-2025,North,Rail,Standard,Carrier D,437.9,45,6.47,5.57,0.00,1537,1,9.49
SHP101321,11-04-2025,West,Sea,Standard,Carrier A,201.2,39,8.95,9.98,1.04,673,0,8.76
SHP101322,20-07-2025,South,Air,Express,Carrier A,348.4,20,2.47,1.55,0.00,6835,1,8.78
SHP101323,20-11-2025,Central,Road,Express,Carrier D,917.6,16,5.84,5.10,0.00,7045,1,8.97
SHP101324,13-11-2025,Central,Road,Bulk,Carrier B,725,54,5.41,5.52,0.11,4341,1,8.81
SHP101325,10-03-2025,East,Road,Bulk,Carrier B,431.9,56,4.76,6.29,1.53,2300,0,7.35
SHP101326,05-09-2025,North,Rail,Express,Carrier E,702.2,30,7.06,6.95,0.00,3419,1,8.64
SHP101327,31-01-2025,South,Road,Bulk,Carrier E,515.6,34,4.95,4.19,0.00,2455,1,9.44
SHP101328,04-09-2025,East,Road,Standard,Carrier C,1055.9,162,6.15,6.03,0.00,5623,1,7.73
SHP101329,05-05-2025,East,Air,Bulk,Carrier E,366.6,107,2.51,2.99,0.48,4697,1,7.95
SHP101330,14-06-2025,South,Rail,Standard,Carrier E,837.5,27,7.36,7.81,0.45,3248,1,8.6
SHP101331,19-09-2025,North,Road,Express,Carrier C,859.8,45,5.71,5.37,0.00,5513,1,9.26
SHP101332,05-06-2025,North,Road,Standard,Carrier E,739.4,79,5.44,5.70,0.26,3867,1,8.17
SHP101333,22-10-2025,East,Rail,Express,Carrier A,979.3,40,7.68,7.73,0.05,4725,1,9.08
SHP101334,14-07-2025,West,Road,Standard,Carrier A,697.2,36,5.35,5.31,0.00,3631,1,8.69
SHP101335,31-12-2025,West,Road,Standard,Carrier E,1166.3,48,6.39,5.49,0.00,6872,1,8.8
SHP101336,21-08-2025,West,Sea,Express,Carrier A,739,123,10.14,10.72,0.57,2994,1,7.74
SHP101337,19-04-2025,South,Road,Express,Carrier D,1541.8,130,7.23,6.07,0.00,12184,1,7.77
SHP101338,10-10-2025,North,Road,Standard,Carrier C,834.8,37,5.66,6.20,0.55,5163,1,7.8
SHP101339,29-05-2025,South,Road,Express,Carrier D,1483.2,81,7.10,4.13,0.00,11008,1,6.91
SHP101340,14-07-2025,East,Road,Standard,Carrier D,522.1,60,4.96,5.41,0.45,3080,1,8.24
SHP101341,19-02-2025,North,Road,Standard,Carrier A,394.7,31,4.68,3.81,0.00,2114,1,9.77
SHP101342,13-02-2025,North,Road,Standard,Carrier B,1161,50,6.38,5.65,0.00,6971,1,7.68
SHP101343,29-07-2025,South,Rail,Express,Carrier D,747.5,27,7.16,9.35,2.19,3798,0,5.22
SHP101344,10-03-2025,South,Road,Fragile,Carrier E,162.8,129,4.16,4.90,0.74,1275,1,8.49
SHP101345,31-12-2025,West,Sea,Express,Carrier E,464.4,166,9.53,10.24,0.71,1868,1,7.28
SHP101346,09-11-2025,South,Sea,Fragile,Carrier E,920.4,46,10.55,11.98,1.43,3214,0,7.93
SHP101347,13-09-2025,South,Road,Express,Carrier E,707.2,40,5.37,5.90,0.53,5763,1,8.62
SHP101348,26-09-2025,East,Road,Fragile,Carrier E,451.1,120,4.80,5.62,0.82,3443,1,8.37
SHP101349,06-08-2025,North,Air,Bulk,Carrier C,743.6,133,3.35,5.60,2.25,8731,0,5.13
SHP101350,23-01-2025,North,Sea,Standard,Carrier B,821.6,29,10.33,11.70,1.37,2504,0,8.18
SHP101351,24-05-2025,North,Sea,Standard,Carrier C,233.7,55,9.02,9.47,0.45,807,1,9.45
SHP101352,30-06-2025,East,Road,Standard,Carrier D,1458.6,58,7.04,8.04,1.00,7948,0,6.53
SHP101353,01-12-2025,North,Road,Express,Carrier C,1660.3,37,7.49,7.03,0.00,11564,1,8.26
SHP101354,22-03-2025,East,Road,Standard,Carrier E,462.8,78,4.83,5.59,0.76,2664,1,7.5
SHP101355,01-07-2025,Central,Air,Standard,Carrier D,2181.3,38,6.55,6.80,0.25,27010,1,4.48
SHP101356,06-05-2025,West,Rail,Bulk,Carrier B,711.4,42,7.08,7.52,0.44,2352,1,7.47
SHP101357,19-02-2025,North,Road,Bulk,Carrier E,497.4,56,4.91,7.31,2.40,2835,0,6.01
SHP101358,07-02-2025,East,Rail,Standard,Carrier E,487.7,23,6.58,5.90,0.00,2104,1,8.89
SHP101359,14-05-2025,North,Road,Standard,Carrier C,2094.1,16,8.45,10.17,1.71,10845,0,5.2
SHP101360,31-01-2025,North,Rail,Standard,Carrier A,371.4,110,6.33,6.30,0.00,1669,1,9.03
SHP101361,25-01-2025,West,Road,Standard,Carrier B,832.6,37,5.65,7.11,1.46,4912,0,6.44
SHP101362,09-05-2025,North,Rail,Bulk,Carrier E,896.6,242,7.49,7.51,0.02,2626,1,8.96
SHP101363,15-03-2025,South,Air,Express,Carrier A,1165.8,217,4.29,4.17,0.00,22479,1,6.36
SHP101364,22-07-2025,North,Rail,Standard,Carrier C,791.3,43,7.26,7.48,0.22,2857,1,8.07
SHP101365,07-01-2025,South,Road,Standard,Carrier D,2003.2,276,8.25,6.36,0.00,13327,1,7.65
SHP101366,21-04-2025,North,Air,Standard,Carrier B,2232.9,111,6.66,9.06,2.40,29744,0,1.56
SHP101367,15-06-2025,West,Air,Standard,Carrier E,1731.8,40,5.55,4.46,0.00,26571,1,5.18
SHP101368,18-12-2025,Central,Road,Standard,Carrier C,952.2,11,5.92,6.31,0.40,5475,1,7.98
SHP101369,20-08-2025,South,Road,Express,Carrier A,1314.9,94,6.72,4.91,0.00,8963,1,7.51
SHP101370,18-11-2025,West,Rail,Standard,Carrier B,619.6,62,6.88,5.34,0.00,2260,1,9.27
SHP101371,06-05-2025,North,Road,Bulk,Carrier B,1491.3,80,7.11,7.28,0.16,8730,1,8.02
SHP101372,14-06-2025,South,Road,Standard,Carrier B,516.4,52,4.95,4.37,0.00,3006,1,8.46
SHP101373,03-06-2025,South,Road,Fragile,Carrier E,413.1,29,4.72,3.82,0.00,3220,1,8.13
SHP101374,20-11-2025,South,Road,Standard,Carrier B,405.5,46,4.70,4.76,0.06,2630,1,8.93
SHP101375,17-12-2025,South,Road,Standard,Carrier C,1072.4,96,6.18,4.58,0.00,6112,1,8.8
SHP101376,18-12-2025,South,Rail,Bulk,Carrier C,1856.6,48,9.63,9.87,0.24,5216,1,8.78
SHP101377,02-10-2025,North,Road,Express,Carrier B,1946.4,48,8.13,7.68,0.00,13553,1,7.8
SHP101378,03-07-2025,West,Air,Standard,Carrier C,169.8,22,2.08,0.50,0.00,2841,1,9.13
SHP101379,17-07-2025,South,Road,Standard,Carrier B,1364.3,64,6.83,6.33,0.00,8126,1,7.9
SHP101380,24-12-2025,South,Road,Express,Carrier A,395.1,29,4.68,4.62,0.00,2619,1,8.96
SHP101381,14-04-2025,South,Road,Bulk,Carrier C,2764.9,110,9.94,8.82,0.00,15047,1,6.21
SHP101382,07-05-2025,West,Air,Express,Carrier C,315.8,37,2.40,2.29,0.00,5136,1,8.17
SHP101383,24-11-2025,North,Sea,Standard,Carrier A,236.8,50,9.03,9.92,0.90,650,1,8.14
SHP101384,22-05-2025,West,Road,Standard,Carrier D,1381.3,246,6.87,5.70,0.00,8386,1,7.86
SHP101385,27-03-2025,South,Road,Standard,Carrier D,595.6,49,5.12,5.21,0.09,4417,1,8.61
SHP101386,24-07-2025,South,Road,Standard,Carrier B,573.2,45,5.07,6.12,1.05,3668,0,6.72
SHP101387,29-04-2025,Central,Road,Express,Carrier C,458,88,4.82,3.41,0.00,3494,1,8.18
SHP101388,22-11-2025,South,Sea,Fragile,Carrier B,510,19,9.63,9.85,0.21,1774,1,9.26
SHP101389,28-11-2025,South,Road,Standard,Carrier D,1418.4,136,6.95,8.37,1.42,9107,0,5.65
SHP101390,22-04-2025,South,Sea,Fragile,Carrier A,404.6,115,9.40,8.86,0.00,1731,1,8.74
SHP101391,13-07-2025,Central,Rail,Express,Carrier D,694,85,7.04,7.17,0.13,3540,1,8.7
SHP101392,26-12-2025,West,Road,Fragile,Carrier A,377.1,7,4.64,3.75,0.00,2618,1,8.45
SHP101393,28-09-2025,West,Sea,Standard,Carrier A,812.8,51,10.31,10.12,0.00,2160,1,9.65
SHP101394,20-03-2025,Central,Road,Standard,Carrier B,567,26,5.06,5.87,0.81,3546,1,7.1
SHP101395,04-08-2025,South,Air,Standard,Carrier A,1016.4,125,3.96,1.29,0.00,16499,1,6.65
SHP101396,15-08-2025,Central,Road,Standard,Carrier C,1100,120,6.24,5.93,0.00,5260,1,8.11
SHP101397,27-08-2025,South,Sea,Standard,Carrier A,1875.6,78,12.67,13.26,0.59,5166,1,7.88
SHP101398,10-01-2025,West,Road,Standard,Carrier B,2656.1,28,9.70,9.96,0.26,13560,1,6.54
SHP101399,20-04-2025,North,Road,Standard,Carrier A,489.3,159,4.89,4.69,0.00,3029,1,8.88
SHP101400,08-11-2025,North,Sea,Standard,Carrier E,1179.2,51,11.12,10.25,0.00,2950,1,9.58
SHP101401,30-03-2025,Central,Road,Bulk,Carrier D,560.6,195,5.05,6.07,1.02,2780,0,7.28
SHP101402,20-04-2025,South,Road,Fragile,Carrier B,1080.1,72,6.20,6.28,0.08,8563,1,7.49
SHP101403,28-04-2025,Central,Air,Standard,Carrier A,1051.8,84,4.04,4.96,0.93,15177,1,5.54
SHP101404,06-03-2025,North,Road,Bulk,Carrier E,1031.5,45,6.09,6.93,0.84,5177,1,8.3
SHP101405,26-02-2025,West,Sea,Standard,Carrier D,1235.7,151,11.25,10.73,0.00,3907,1,8.7
SHP101406,07-05-2025,Central,Rail,Standard,Carrier E,845.8,90,7.38,8.91,1.53,3533,0,7.57
SHP101407,16-11-2025,South,Rail,Fragile,Carrier A,597.1,154,6.83,6.59,0.00,2779,1,8.84
SHP101408,01-01-2025,Central,Road,Standard,Carrier B,818.7,68,5.62,7.29,1.67,4684,0,7.19
SHP101409,14-04-2025,West,Road,Standard,Carrier A,2536.2,59,9.44,10.96,1.52,14212,0,5.36
SHP101410,23-01-2025,East,Sea,Standard,Carrier C,525.8,89,9.67,11.58,1.91,1766,0,7.03
SHP101411,24-07-2025,South,Road,Standard,Carrier A,628.1,154,5.20,5.09,0.00,3916,1,7.96
SHP101412,02-04-2025,West,Road,Express,Carrier A,465,117,4.83,7.06,2.23,3735,0,5.12
SHP101413,17-10-2025,West,Road,Standard,Carrier C,208.9,66,4.26,4.44,0.17,1389,1,9.54
SHP101414,02-08-2025,North,Road,Standard,Carrier E,734.4,18,5.43,6.11,0.68,5056,1,8.29
SHP101415,14-10-2025,South,Rail,Standard,Carrier D,1125.8,102,8.00,8.08,0.07,4365,1,9.91
SHP101416,20-08-2025,South,Air,Standard,Carrier D,416.4,24,2.63,1.43,0.00,5915,1,7.6
SHP101417,10-06-2025,East,Air,Standard,Carrier E,1701.9,62,5.48,7.67,2.19,29575,0,2
SHP101418,11-11-2025,South,Sea,Bulk,Carrier E,997.2,56,10.72,10.16,0.00,2812,1,8.37
SHP101419,23-06-2025,East,Road,Express,Carrier A,1426.4,24,6.97,8.03,1.06,12536,0,5.58
SHP101420,13-12-2025,Central,Road,Standard,Carrier B,939.3,77,5.89,7.52,1.63,5328,0,6.19
SHP101421,30-12-2025,South,Road,Express,Carrier D,691.8,245,5.34,5.43,0.09,5367,1,8.6
SHP101422,03-08-2025,South,Air,Standard,Carrier E,606.1,49,3.05,2.35,0.00,7223,1,7.83
SHP101423,04-09-2025,West,Road,Standard,Carrier D,914.8,99,5.83,5.44,0.00,5907,1,8.43
SHP101424,04-04-2025,South,Rail,Standard,Carrier D,966.9,279,7.65,4.67,0.00,3890,1,9.21
SHP101425,25-10-2025,West,Road,Standard,Carrier B,550.7,106,5.02,4.89,0.00,2801,1,9.55
SHP101426,03-09-2025,West,Air,Express,Carrier B,680.8,40,3.21,3.44,0.22,14984,1,7
SHP101427,26-11-2025,West,Air,Bulk,Carrier A,2242.8,70,6.68,6.41,0.00,27114,1,5.13
SHP101428,08-04-2025,North,Sea,Standard,Carrier B,828.3,82,10.34,10.06,0.00,2440,1,8.92
SHP101429,15-10-2025,West,Road,Standard,Carrier A,882.1,153,5.76,5.42,0.00,4657,1,8.31
SHP101430,21-06-2025,West,Sea,Express,Carrier E,1918.9,133,12.76,13.46,0.70,7817,1,7.52
SHP101431,09-03-2025,South,Road,Standard,Carrier A,974.8,10,5.97,6.00,0.04,5952,1,7.78
SHP101432,04-03-2025,West,Road,Standard,Carrier B,763.7,35,5.50,7.63,2.14,4449,0,6.05
SHP101433,25-07-2025,Central,Road,Bulk,Carrier E,1401.7,58,6.91,6.56,0.00,6783,1,7.68
SHP101434,27-04-2025,West,Road,Fragile,Carrier E,1213.6,31,6.50,7.10,0.60,10886,1,6.81
SHP101435,07-02-2025,North,Rail,Bulk,Carrier B,896,5,7.49,7.39,0.00,2512,1,8.4
SHP101436,05-06-2025,North,Road,Standard,Carrier C,944.5,38,5.90,8.68,2.79,5154,0,4.84
SHP101437,27-08-2025,South,Road,Standard,Carrier C,640.3,60,5.22,5.53,0.31,4062,1,7.97
SHP101438,27-04-2025,South,Rail,Standard,Carrier E,359.5,43,6.30,8.85,2.55,1243,0,5.57
SHP101439,15-12-2025,South,Sea,Bulk,Carrier D,1107.8,32,10.96,10.58,0.00,2433,1,8.95
SHP101440,12-10-2025,Central,Rail,Standard,Carrier C,273.1,62,6.11,8.16,2.06,1213,0,5.29
SHP101441,07-07-2025,South,Rail,Standard,Carrier B,369.9,75,6.32,6.56,0.24,1544,1,7.86
SHP101442,08-12-2025,East,Road,Standard,Carrier B,675,44,5.30,6.96,1.66,4154,0,7.07
SHP101443,08-06-2025,South,Air,Fragile,Carrier D,632.3,147,3.11,2.15,0.00,11519,1,7.56
SHP101444,20-02-2025,North,Road,Fragile,Carrier E,1181.8,63,6.43,7.58,1.15,7878,0,6.25
SHP101445,14-01-2025,North,Road,Express,Carrier A,1372.8,34,6.85,5.32,0.00,10522,1,8.18
SHP101446,09-12-2025,North,Road,Standard,Carrier D,2435.8,29,9.21,9.91,0.70,14041,1,5.84
SHP101447,17-12-2025,East,Rail,Express,Carrier C,246.6,53,6.05,4.30,0.00,1439,1,8.84
SHP101448,27-09-2025,Central,Road,Standard,Carrier A,1028.2,124,6.08,6.28,0.19,6457,1,7.65
SHP101449,07-02-2025,Central,Rail,Standard,Carrier A,1002.5,35,7.73,9.29,1.56,3417,0,7.93
SHP101450,18-04-2025,South,Road,Standard,Carrier B,926.2,89,5.86,6.59,0.73,5972,1,7.62
SHP101451,15-01-2025,East,Road,Standard,Carrier B,1107.5,64,6.26,5.54,0.00,5440,1,8.6
SHP101452,19-01-2025,South,Road,Standard,Carrier A,1253.1,220,6.58,4.50,0.00,7263,1,8.45
SHP101453,31-03-2025,Central,Road,Bulk,Carrier B,1734.4,78,7.65,8.53,0.87,7782,1,5.99
SHP101454,28-07-2025,West,Road,Standard,Carrier E,943.6,38,5.90,7.72,1.82,5051,0,5.96
SHP101455,24-01-2025,North,Rail,Standard,Carrier D,2056.4,97,10.07,9.36,0.00,9214,1,8.11
SHP101456,26-12-2025,South,Road,Express,Carrier B,947.9,100,5.91,7.72,1.81,6546,0,6.04
SHP101457,16-06-2025,South,Road,Express,Carrier D,577.9,47,5.08,4.48,0.00,4215,1,9.91
SHP101458,07-04-2025,South,Rail,Standard,Carrier C,895.4,28,7.49,5.34,0.00,3513,1,8.52
SHP101459,08-07-2025,Central,Road,Express,Carrier D,440.6,85,4.78,2.58,0.00,3371,1,9.36
SHP101460,16-10-2025,East,Road,Standard,Carrier B,455.5,63,4.81,6.40,1.59,2811,0,7.39
SHP101461,25-04-2025,Central,Road,Standard,Carrier A,711.7,23,5.38,5.83,0.45,4737,1,8.13
SHP101462,18-01-2025,South,Road,Express,Carrier B,648.7,71,5.24,6.35,1.10,5559,0,7.27
SHP101463,19-01-2025,West,Road,Express,Carrier E,1705.3,40,7.59,5.51,0.00,12762,1,7.11
SHP101464,07-11-2025,South,Rail,Standard,Carrier C,706,23,7.07,7.31,0.24,2620,1,7.58
SHP101465,10-02-2025,West,Road,Standard,Carrier A,400.3,48,4.69,4.70,0.01,2503,1,9.17
SHP101466,20-08-2025,North,Air,Standard,Carrier E,794.1,139,3.46,3.70,0.24,12405,1,7.27
SHP101467,21-05-2025,North,Road,Standard,Carrier E,942.1,132,5.89,5.85,0.00,5614,1,8.79
SHP101468,11-10-2025,West,Rail,Bulk,Carrier C,848,112,7.38,6.97,0.00,2906,1,8.95
SHP101469,23-01-2025,South,Air,Standard,Carrier D,387.5,72,2.56,2.86,0.30,5886,1,8.58
SHP101470,24-11-2025,North,Road,Bulk,Carrier A,1817.9,89,7.84,8.59,0.75,9075,1,6.48
SHP101471,12-09-2025,West,Road,Standard,Carrier C,229.4,64,4.31,4.60,0.29,1354,1,9.62
SHP101472,13-06-2025,South,Road,Fragile,Carrier E,839.9,29,5.67,7.50,1.84,6431,0,5.49
SHP101473,17-03-2025,Central,Sea,Standard,Carrier C,379.1,33,9.34,8.26,0.00,1132,1,9.15
SHP101474,23-12-2025,West,Sea,Standard,Carrier A,1451.3,41,11.73,9.64,0.00,3290,1,9.23
SHP101475,21-04-2025,East,Road,Standard,Carrier D,1031,150,6.09,7.96,1.87,5768,0,5.82
SHP101476,29-06-2025,West,Air,Standard,Carrier D,942,121,3.79,2.71,0.00,13265,1,7.6
SHP101477,24-05-2025,East,Road,Bulk,Carrier D,672.2,30,5.29,5.56,0.26,3328,1,8.33
SHP101478,26-03-2025,East,Road,Express,Carrier D,1722.3,62,7.63,6.92,0.00,15191,1,6.93
SHP101479,02-06-2025,Central,Rail,Express,Carrier A,671.1,46,6.99,5.86,0.00,4525,1,8.55
SHP101480,25-02-2025,West,Road,Standard,Carrier A,2167,55,8.62,6.94,0.00,9595,1,7.48
SHP101481,01-01-2025,South,Road,Express,Carrier D,447,43,4.79,3.54,0.00,3697,1,10
SHP101482,16-04-2025,South,Air,Express,Carrier E,797.5,150,3.47,3.62,0.15,15968,1,6.09
SHP101483,10-02-2025,West,Road,Fragile,Carrier A,1232.3,60,6.54,6.88,0.35,8662,1,6.27
SHP101484,01-06-2025,South,Rail,Express,Carrier C,1075.1,69,7.89,7.87,0.00,5807,1,7.99
SHP101485,11-11-2025,South,Road,Express,Carrier C,758.5,70,5.49,4.32,0.00,6131,1,8.45
SHP101486,01-03-2025,South,Road,Standard,Carrier B,249.2,31,4.35,5.49,1.14,1427,0,7.53
SHP101487,01-01-2025,West,Road,Bulk,Carrier D,876,65,5.75,5.16,0.00,4524,1,9.21
SHP101488,10-02-2025,South,Sea,Standard,Carrier E,620.5,120,9.88,7.55,0.00,2072,1,9.59
SHP101489,05-07-2025,West,Road,Standard,Carrier E,528.9,157,4.98,5.34,0.36,3347,1,8.21
SHP101490,11-04-2025,East,Road,Bulk,Carrier A,1277,29,6.64,8.22,1.58,6518,0,5.41
SHP101491,28-06-2025,East,Rail,Standard,Carrier C,217.1,22,5.98,6.04,0.06,801,1,8.49
SHP101492,11-01-2025,North,Sea,Standard,Carrier E,776.2,63,10.22,12.00,1.78,2863,0,6.68
SHP101493,02-05-2025,West,Sea,Standard,Carrier B,129.3,124,8.79,7.81,0.00,595,1,8.44
SHP101494,30-05-2025,West,Rail,Standard,Carrier E,1080.2,76,7.90,8.67,0.77,4375,1,7.5
SHP101495,07-06-2025,North,Road,Bulk,Carrier C,1285.2,94,6.66,9.06,2.41,6183,0,6.14
SHP101496,21-07-2025,West,Rail,Fragile,Carrier C,868.2,25,7.43,7.82,0.39,4040,1,8.42
SHP101497,12-10-2025,South,Air,Standard,Carrier B,583.2,42,3.00,2.84,0.00,8701,1,7.97
SHP101498,20-06-2025,Central,Sea,Bulk,Carrier E,1706.9,14,12.29,12.47,0.18,3345,1,8.05
SHP101499,04-11-2025,South,Air,Express,Carrier C,1777.1,55,5.65,6.92,1.27,32341,0,2.52
SHP101500,13-07-2025,East,Road,Bulk,Carrier C,972.6,15,5.96,7.12,1.16,4512,0,7.05
SHP101501,06-04-2025,West,Road,Standard,Carrier C,1939.9,143,8.11,10.58,2.47,10733,0,4.66
SHP101502,25-03-2025,South,Rail,Standard,Carrier A,446.4,166,6.49,6.91,0.42,1825,1,8.97
SHP101503,28-04-2025,East,Road,Standard,Carrier D,728.8,66,5.42,5.37,0.00,4337,1,9.17
SHP101504,07-08-2025,South,Road,Standard,Carrier B,159.4,23,4.15,3.58,0.00,1103,1,9.29
SHP101505,30-03-2025,East,Road,Express,Carrier B,361.8,77,4.60,4.67,0.07,3024,1,9.09
SHP101506,30-11-2025,West,Rail,Standard,Carrier D,341.1,202,6.26,3.91,0.00,1402,1,8.88
SHP101507,25-06-2025,South,Sea,Standard,Carrier A,1076.1,82,10.89,10.45,0.00,2771,1,9.56
SHP101508,12-11-2025,South,Air,Express,Carrier D,378.4,130,2.54,1.42,0.00,7409,1,7.68
SHP101509,07-09-2025,East,Sea,Standard,Carrier C,208.5,44,8.96,9.94,0.98,537,1,7.98
SHP101510,02-05-2025,North,Air,Standard,Carrier D,502.5,34,2.82,5.45,2.63,7576,0,5.53
SHP101511,25-03-2025,Central,Rail,Express,Carrier A,544.7,58,6.71,6.37,0.00,3169,1,8.61
SHP101512,29-09-2025,East,Road,Bulk,Carrier D,316.7,17,4.50,2.99,0.00,1509,1,8.41
SHP101513,01-05-2025,West,Rail,Standard,Carrier B,826.9,263,7.34,6.29,0.00,3444,1,8.6
SHP101514,01-04-2025,South,Road,Bulk,Carrier E,923.7,66,5.85,6.25,0.40,4496,1,8.91
SHP101515,06-12-2025,East,Road,Fragile,Carrier B,267.9,106,4.40,5.55,1.16,1963,0,6.38
SHP101516,26-06-2025,Central,Road,Express,Carrier A,1179.6,45,6.42,7.89,1.47,9483,0,6.04
SHP101517,18-01-2025,South,Air,Standard,Carrier C,426.3,22,2.65,3.85,1.20,5797,0,6.58
SHP101518,30-06-2025,North,Air,Express,Carrier A,539.1,152,2.90,3.67,0.77,9934,1,6.69
SHP101519,18-06-2025,South,Sea,Fragile,Carrier B,1036.1,29,10.80,11.00,0.20,3006,1,8.46
SHP101520,12-11-2025,North,Sea,Standard,Carrier D,542.3,76,9.71,11.37,1.66,1687,0,7.57
SHP101521,17-09-2025,East,Sea,Bulk,Carrier C,365.4,80,9.31,8.98,0.00,1138,1,9.24
SHP101522,11-03-2025,North,Road,Bulk,Carrier D,796.6,63,5.57,7.08,1.51,4359,0,7.34
SHP101523,24-02-2025,West,Sea,Standard,Carrier E,1461.7,36,11.75,11.42,0.00,4781,1,9.31
SHP101524,09-08-2025,North,Sea,Express,Carrier C,1354.2,55,11.51,9.54,0.00,4846,1,8.61
SHP101525,18-01-2025,South,Sea,Standard,Carrier C,509.4,33,9.63,10.41,0.78,1578,1,7.96
SHP101526,27-04-2025,South,Road,Fragile,Carrier A,406.3,102,4.70,6.76,2.06,2646,0,6.59
SHP101527,20-02-2025,East,Road,Fragile,Carrier B,462.4,87,4.83,5.41,0.58,3675,1,8.37
SHP101528,08-01-2025,West,Sea,Standard,Carrier D,1363.1,60,11.53,13.33,1.80,4524,0,5.77
SHP101529,02-12-2025,North,Road,Standard,Carrier A,457.4,42,4.82,3.31,0.00,2869,1,9.05
SHP101530,02-02-2025,East,Road,Standard,Carrier B,1882,237,7.98,7.31,0.00,13071,1,7.08
SHP101531,04-01-2025,South,Road,Bulk,Carrier A,1027.9,26,6.08,6.02,0.00,4841,1,8.36
SHP101532,07-12-2025,South,Road,Standard,Carrier E,739.8,22,5.44,5.12,0.00,4267,1,8.31
SHP101533,10-03-2025,South,Road,Bulk,Carrier C,504,57,4.92,4.25,0.00,2377,1,8.66
SHP101534,26-10-2025,Central,Sea,Standard,Carrier D,803.5,51,10.29,10.74,0.45,2331,1,9.13
SHP101535,12-01-2025,East,Sea,Standard,Carrier D,363.9,123,9.31,9.40,0.09,1289,1,8.87
SHP101536,26-02-2025,West,Sea,Bulk,Carrier B,273.5,92,9.11,8.69,0.00,817,1,9.89
SHP101537,10-02-2025,South,Road,Express,Carrier A,1034,62,6.10,5.82,0.00,7794,1,8.17
SHP101538,15-09-2025,South,Road,Standard,Carrier B,737.7,84,5.44,4.77,0.00,4220,1,8.07
SHP101539,15-08-2025,West,Road,Standard,Carrier A,1206.2,83,6.48,6.36,0.00,7341,1,8.28
SHP101540,23-06-2025,North,Road,Standard,Carrier B,905,237,5.81,5.47,0.00,5633,1,7.81
SHP101541,30-03-2025,Central,Road,Standard,Carrier B,498.7,71,4.91,3.82,0.00,2644,1,9.29
SHP101542,02-02-2025,East,Air,Standard,Carrier D,1353.2,39,4.71,6.29,1.58,15966,0,4.65
SHP101543,27-07-2025,North,Sea,Express,Carrier B,537.6,69,9.69,11.36,1.66,2006,0,7.46
SHP101544,26-03-2025,East,Road,Standard,Carrier A,1588.8,11,7.33,9.25,1.92,7952,0,6.46
SHP101545,04-08-2025,Central,Road,Standard,Carrier E,526.8,59,4.97,5.65,0.68,2899,1,7.11
SHP101546,08-09-2025,North,Road,Standard,Carrier A,303.1,123,4.47,4.14,0.00,1848,1,8.84
SHP101547,07-11-2025,West,Road,Standard,Carrier B,1764.5,89,7.72,7.39,0.00,10235,1,7.03
SHP101548,30-06-2025,Central,Road,Bulk,Carrier B,515.2,73,4.94,6.46,1.52,2512,0,8.27
SHP101549,02-01-2025,South,Road,Standard,Carrier A,538.9,92,5.00,2.47,0.00,3889,1,8.51
SHP101550,13-04-2025,Central,Road,Standard,Carrier E,311.8,124,4.49,4.38,0.00,1715,1,8.39
SHP101551,08-11-2025,South,Road,Express,Carrier B,699.7,152,5.35,5.60,0.24,6412,1,9.26
SHP101552,14-07-2025,West,Sea,Bulk,Carrier D,338,81,9.25,7.94,0.00,919,1,8.85
SHP101553,14-08-2025,East,Road,Fragile,Carrier A,1702,49,7.58,9.12,1.54,11323,0,4.7
SHP101554,17-06-2025,West,Road,Fragile,Carrier C,592.1,13,5.12,5.90,0.78,4446,1,7.04
SHP101555,01-03-2025,North,Road,Bulk,Carrier A,411.4,114,4.71,3.44,0.00,2099,1,9.13
SHP101556,24-11-2025,West,Road,Express,Carrier B,778.5,84,5.53,4.93,0.00,5750,1,8.47
SHP101557,10-10-2025,South,Rail,Bulk,Carrier C,2619.3,67,11.32,10.71,0.00,9963,1,7.28
SHP101558,30-12-2025,South,Air,Standard,Carrier E,801,39,3.48,4.06,0.58,9128,1,6.89
SHP101559,09-11-2025,South,Sea,Fragile,Carrier B,645.4,113,9.93,11.15,1.22,2327,0,7.52
SHP101560,17-04-2025,West,Rail,Bulk,Carrier D,766.9,51,7.20,7.66,0.46,2561,1,9.13
SHP101561,03-04-2025,North,Road,Bulk,Carrier A,1243.8,59,6.56,7.05,0.48,7181,1,7.78
SHP101562,01-04-2025,South,Road,Standard,Carrier B,1175.1,58,6.41,6.84,0.43,6655,1,7.44
SHP101563,02-12-2025,Central,Road,Fragile,Carrier D,888.2,81,5.77,5.07,0.00,8047,1,7.93
SHP101564,23-07-2025,North,Road,Standard,Carrier C,1387.4,29,6.88,7.25,0.36,8710,1,7.92
SHP101565,15-06-2025,North,Sea,Express,Carrier C,794.3,87,10.27,9.05,0.00,2391,1,9.93
SHP101566,20-12-2025,North,Road,Standard,Carrier D,680.2,38,5.31,6.90,1.59,3404,0,6.24
SHP101567,09-08-2025,South,Road,Express,Carrier A,783.4,39,5.54,5.73,0.19,6315,1,8.73
SHP101568,28-11-2025,East,Road,Express,Carrier D,528.9,107,4.98,5.76,0.78,3760,1,7.62
SHP101569,26-12-2025,North,Road,Standard,Carrier E,1260,32,6.60,8.97,2.37,7747,0,4.25
SHP101570,29-01-2025,South,Sea,Standard,Carrier D,512.5,107,9.64,9.36,0.00,1475,1,8.15
SHP101571,12-05-2025,Central,Road,Standard,Carrier B,192.2,64,4.23,3.90,0.00,1040,1,9.96
SHP101572,25-09-2025,East,Road,Express,Carrier B,272.4,21,4.41,4.00,0.00,1948,1,9.87
SHP101573,24-10-2025,East,Road,Express,Carrier E,944.6,146,5.90,4.06,0.00,8151,1,7.73
SHP101574,24-02-2025,Central,Air,Express,Carrier D,459.2,74,2.72,0.57,0.00,7265,1,8.07
SHP101575,27-04-2025,Central,Road,Standard,Carrier E,1192.2,78,6.45,7.46,1.01,7790,0,5.85
SHP101576,20-07-2025,North,Rail,Fragile,Carrier E,742.1,116,7.15,6.29,0.00,3893,1,9.17
SHP101577,19-10-2025,West,Road,Express,Carrier C,1254.3,160,6.59,4.65,0.00,9638,1,7.78
SHP101578,11-02-2025,West,Road,Standard,Carrier A,203.3,69,4.25,4.13,0.00,1105,1,8.36
SHP101579,08-08-2025,South,Sea,Standard,Carrier B,510,90,9.63,9.26,0.00,1634,1,9.24
SHP101580,19-04-2025,South,Road,Standard,Carrier B,402.7,77,4.69,5.81,1.12,2302,0,6.85
SHP101581,20-03-2025,South,Road,Standard,Carrier E,2933.6,48,10.32,10.49,0.17,14500,1,7.08
SHP101582,08-07-2025,West,Rail,Standard,Carrier B,566.4,22,6.76,5.84,0.00,2524,1,8.38
SHP101583,01-06-2025,East,Road,Standard,Carrier B,269.8,69,4.40,6.22,1.82,1529,0,7.06
SHP101584,21-08-2025,East,Road,Standard,Carrier E,933.6,148,5.87,7.41,1.54,4881,0,6.3
SHP101585,26-04-2025,North,Air,Standard,Carrier A,380.3,88,2.55,1.32,0.00,5801,1,7.13
SHP101586,28-10-2025,South,Road,Standard,Carrier D,1334.6,30,6.77,7.16,0.39,7715,1,8.17
SHP101587,29-01-2025,North,Road,Fragile,Carrier C,1472.2,123,7.07,7.00,0.00,12073,1,7.97
SHP101588,11-11-2025,West,Road,Standard,Carrier E,405.3,49,4.70,3.85,0.00,2361,1,8.72
SHP101589,11-01-2025,Central,Air,Standard,Carrier C,468,15,2.74,5.19,2.45,6562,0,5.39
SHP101590,26-09-2025,Central,Road,Express,Carrier C,880.1,117,5.76,5.50,0.00,7323,1,8.42
SHP101591,07-05-2025,Central,Road,Standard,Carrier E,1358.8,33,6.82,6.87,0.05,8107,1,8.25
SHP101592,20-05-2025,East,Rail,Standard,Carrier E,944.1,192,7.60,8.40,0.80,3873,1,8.71
SHP101593,07-01-2025,Central,Rail,Standard,Carrier D,567,127,6.76,8.07,1.31,2270,0,7.62
SHP101594,14-09-2025,North,Sea,Standard,Carrier D,304.3,52,9.18,8.77,0.00,960,1,9.04
SHP101595,02-03-2025,South,Road,Express,Carrier E,1985.5,81,8.21,7.00,0.00,14982,1,7.14
SHP101596,29-08-2025,South,Road,Standard,Carrier E,958.3,292,5.93,6.78,0.86,6527,1,7.01
SHP101597,22-09-2025,North,Road,Standard,Carrier D,2243.5,116,8.79,7.44,0.00,12702,1,6.7
SHP101598,05-11-2025,South,Rail,Express,Carrier B,1044.5,70,7.82,8.36,0.54,5696,1,8.45
SHP101599,16-09-2025,South,Road,Bulk,Carrier D,2066.5,395,8.39,6.65,0.00,12085,1,7.68
SHP101600,21-04-2025,Central,Rail,Standard,Carrier B,440.5,65,6.48,6.50,0.02,1607,1,8.09
SHP101601,27-09-2025,South,Road,Standard,Carrier C,462.1,88,4.83,3.09,0.00,3468,1,8.45
SHP101602,29-10-2025,Central,Sea,Standard,Carrier C,663.5,33,9.97,9.06,0.00,1760,1,9.52
SHP101603,26-04-2025,East,Sea,Express,Carrier E,417.9,20,9.43,10.92,1.49,1487,0,6.43
SHP101604,15-02-2025,West,Road,Express,Carrier C,243,50,4.34,4.84,0.50,2072,1,8.01
SHP101605,21-11-2025,West,Sea,Express,Carrier E,494.1,62,9.60,10.22,0.62,2070,1,9.74
SHP101606,23-02-2025,North,Sea,Standard,Carrier E,1035.4,75,10.80,9.53,0.00,3062,1,8.71
SHP101607,05-08-2025,West,Road,Standard,Carrier E,328.6,24,4.53,3.32,0.00,2104,1,9.64
SHP101608,28-03-2025,South,Road,Fragile,Carrier A,353.1,93,4.58,5.43,0.84,2691,1,8.73
SHP101609,15-02-2025,Central,Rail,Standard,Carrier D,514.8,35,6.64,7.77,1.12,2348,0,7.11
SHP101610,11-10-2025,North,Road,Bulk,Carrier B,387.9,90,4.66,4.14,0.00,2025,1,9.21
SHP101611,22-02-2025,South,Road,Standard,Carrier C,534,111,4.99,4.42,0.00,2943,1,10
SHP101612,02-09-2025,East,Road,Standard,Carrier C,695.4,47,5.35,4.74,0.00,3849,1,9.01
SHP101613,10-09-2025,West,Sea,Standard,Carrier B,343.5,32,9.26,11.17,1.91,1071,0,8.14
SHP101614,22-01-2025,North,Road,Standard,Carrier E,522.6,165,4.96,4.82,0.00,3425,1,8.48
SHP101615,05-03-2025,West,Air,Fragile,Carrier E,735.7,106,3.33,3.72,0.39,13369,1,7.68
SHP101616,17-10-2025,South,Road,Standard,Carrier C,428.8,67,4.75,4.95,0.20,2379,1,8.77
SHP101617,05-07-2025,West,Road,Express,Carrier A,304.3,157,4.48,5.05,0.57,2829,1,8.03
SHP101618,14-02-2025,South,Sea,Express,Carrier A,449.7,64,9.50,7.80,0.00,2119,1,9.4
SHP101619,28-12-2025,South,Road,Bulk,Carrier B,587.8,40,5.11,6.55,1.44,3010,0,7.03
SHP101620,07-04-2025,South,Road,Express,Carrier E,234.9,31,4.32,2.25,0.00,2232,1,8.98
SHP101621,02-01-2025,North,Road,Bulk,Carrier C,1045.2,56,6.12,7.86,1.74,5765,0,6.53
SHP101622,04-12-2025,North,Rail,Bulk,Carrier A,608.3,100,6.85,5.28,0.00,2571,1,7.98
SHP101623,07-01-2025,North,Road,Standard,Carrier C,451.3,149,4.80,5.08,0.28,2909,1,8.13
SHP101624,21-07-2025,South,Road,Bulk,Carrier E,259.1,61,4.38,6.35,1.97,1415,0,7.1
SHP101625,29-12-2025,South,Road,Bulk,Carrier C,963.9,133,5.94,6.84,0.90,5485,1,7.9
SHP101626,30-07-2025,West,Road,Standard,Carrier C,1481.2,52,7.09,7.58,0.48,8283,1,7.61
SHP101627,02-08-2025,South,Road,Express,Carrier A,507.4,36,4.93,3.12,0.00,4204,1,8.85
SHP101628,22-05-2025,West,Road,Standard,Carrier E,2124.8,26,8.52,7.68,0.00,14019,1,7.28
SHP101629,16-02-2025,Central,Road,Express,Carrier A,714,43,5.39,6.53,1.15,6122,0,7.47
SHP101630,29-07-2025,North,Road,Standard,Carrier E,730.7,26,5.42,6.37,0.94,4252,1,6.73
SHP101631,24-11-2025,Central,Rail,Express,Carrier B,1226.8,223,8.23,8.85,0.62,6511,1,7.25
SHP101632,03-02-2025,South,Air,Standard,Carrier A,995.3,80,3.91,4.10,0.18,15665,1,6.52
SHP101633,18-11-2025,South,Road,Express,Carrier B,327.2,57,4.53,3.60,0.00,2862,1,9.03
SHP101634,01-06-2025,East,Road,Standard,Carrier A,495.2,185,4.90,6.48,1.58,3242,0,5.72
SHP101635,15-07-2025,East,Road,Express,Carrier A,1356.2,26,6.81,7.11,0.30,11012,1,6.5
SHP101636,02-03-2025,East,Sea,Standard,Carrier A,1007.7,55,10.74,11.24,0.50,2651,1,8.32
SHP101637,15-08-2025,South,Road,Express,Carrier D,2136.6,221,8.55,6.32,0.00,15924,1,7.3
SHP101638,08-03-2025,East,Road,Standard,Carrier E,913.8,55,5.83,7.63,1.80,5648,0,5.98
SHP101639,10-04-2025,North,Road,Standard,Carrier B,1029,296,6.09,6.99,0.91,6910,1,6.75
SHP101640,21-09-2025,North,Road,Standard,Carrier D,448.7,101,4.80,4.50,0.00,2939,1,9.2
SHP101641,19-01-2025,South,Road,Bulk,Carrier B,1467.3,141,7.06,8.52,1.46,7058,0,6.22
SHP101642,13-06-2025,Central,Road,Standard,Carrier C,158.3,144,4.15,4.73,0.58,1123,1,8.97
SHP101643,06-08-2025,South,Rail,Express,Carrier B,811.8,60,7.30,7.01,0.00,3685,1,8.66
SHP101644,18-02-2025,East,Rail,Standard,Carrier E,1048.1,44,7.83,9.55,1.72,3380,0,6.08
SHP101645,18-04-2025,West,Rail,Express,Carrier C,876.5,56,7.45,7.52,0.07,4460,1,9.35
SHP101646,06-05-2025,East,Air,Standard,Carrier C,717.8,32,3.30,4.33,1.04,11884,0,6.8
SHP101647,31-08-2025,East,Road,Standard,Carrier E,667.7,58,5.28,5.77,0.48,3997,1,7.6
SHP101648,23-12-2025,East,Sea,Standard,Carrier D,736.6,60,10.14,13.12,2.98,2529,0,5.47
SHP101649,02-11-2025,South,Air,Standard,Carrier A,361.1,181,2.50,1.76,0.00,5410,1,8.32
SHP101650,11-03-2025,South,Air,Standard,Carrier A,873.7,89,3.64,4.60,0.96,12860,1,6.4
SHP101651,07-01-2025,West,Air,Standard,Carrier B,452.1,280,2.70,2.61,0.00,6178,1,7.89
SHP101652,19-01-2025,North,Road,Standard,Carrier A,507.7,15,4.93,5.85,0.92,2865,1,8.25
SHP101653,06-08-2025,South,Road,Bulk,Carrier D,334.9,27,4.54,6.06,1.52,1497,0,7.91
SHP101654,27-02-2025,South,Road,Standard,Carrier C,3000,48,10.47,10.21,0.00,14807,1,6.41
SHP101655,26-03-2025,North,Road,Bulk,Carrier A,836,159,5.66,6.75,1.09,3933,0,7.42
SHP101656,06-11-2025,South,Road,Standard,Carrier C,291.2,56,4.45,4.85,0.41,1812,1,9.26
SHP101657,15-11-2025,South,Road,Standard,Carrier E,782.5,23,5.54,4.90,0.00,4246,1,8.14
SHP101658,03-11-2025,Central,Road,Standard,Carrier E,1457.4,51,7.04,8.79,1.75,8129,0,5.49
SHP101659,03-04-2025,North,Sea,Standard,Carrier E,867.7,28,10.43,11.65,1.22,2565,0,7.81
SHP101660,15-08-2025,Central,Rail,Standard,Carrier E,705.8,24,7.07,6.87,0.00,2231,1,8.94
SHP101661,11-08-2025,Central,Rail,Bulk,Carrier D,428.3,221,6.45,8.02,1.57,1827,0,6.27
SHP101662,09-03-2025,South,Road,Express,Carrier E,868.6,48,5.73,4.17,0.00,7476,1,7.98
SHP101663,22-07-2025,East,Rail,Express,Carrier E,1149.6,68,8.05,8.02,0.00,6417,1,9.29
SHP101664,11-07-2025,West,Sea,Standard,Carrier D,1157.2,57,11.07,10.58,0.00,3532,1,9.95
SHP101665,25-05-2025,West,Rail,Standard,Carrier C,818.4,51,7.32,8.18,0.86,3096,1,7.45
SHP101666,02-10-2025,South,Rail,Express,Carrier E,816.8,35,7.32,6.16,0.00,3879,1,8.25
SHP101667,05-09-2025,South,Road,Standard,Carrier C,1604.8,49,7.37,8.34,0.97,9325,1,6.38
SHP101668,14-07-2025,South,Road,Standard,Carrier A,1503.5,75,7.14,7.92,0.78,10234,1,7.71
SHP101669,22-09-2025,West,Rail,Standard,Carrier A,643.9,152,6.93,6.50,0.00,2736,1,9.41
SHP101670,06-10-2025,Central,Sea,Standard,Carrier C,2026,112,13.00,15.41,2.40,5829,0,6.23
SHP101671,26-07-2025,West,Road,Express,Carrier A,294.6,27,4.45,2.90,0.00,2480,1,9.54
SHP101672,08-04-2025,East,Road,Standard,Carrier A,841.3,115,5.67,4.75,0.00,5058,1,7.83
SHP101673,04-10-2025,Central,Road,Standard,Carrier B,894.6,82,5.79,7.07,1.28,5447,0,6.36
SHP101674,19-09-2025,West,Road,Bulk,Carrier C,412.2,40,4.72,2.24,0.00,2089,1,8.67
SHP101675,25-12-2025,South,Sea,Bulk,Carrier C,255.7,68,9.07,10.88,1.82,660,0,6.73
SHP101676,24-02-2025,Central,Rail,Standard,Carrier C,418.2,88,6.43,6.85,0.42,1810,1,8.2
SHP101677,03-06-2025,North,Road,Standard,Carrier C,1292,62,6.67,5.43,0.00,6140,1,8.07
SHP101678,04-12-2025,South,Road,Fragile,Carrier E,1315.2,82,6.72,6.08,0.00,9913,1,8.1
SHP101679,07-07-2025,West,Road,Standard,Carrier B,1111.4,34,6.27,4.39,0.00,6197,1,8.44
SHP101680,11-12-2025,Central,Road,Standard,Carrier C,457.2,220,4.82,5.56,0.74,2505,1,8.73
SHP101681,05-01-2025,South,Road,Standard,Carrier D,1325.2,17,6.74,5.32,0.00,6953,1,8.38
SHP101682,13-01-2025,North,Air,Standard,Carrier B,478.1,88,2.76,3.74,0.98,7031,1,6.63
SHP101683,18-10-2025,South,Rail,Bulk,Carrier A,873.5,77,7.44,7.19,0.00,2965,1,9.01
SHP101684,11-05-2025,South,Road,Fragile,Carrier A,733.7,92,5.43,5.33,0.00,5696,1,7.62
SHP101685,09-07-2025,South,Air,Bulk,Carrier B,572.4,38,2.97,3.66,0.69,7765,1,5.98
SHP101686,06-06-2025,East,Air,Express,Carrier B,1078,129,4.10,4.81,0.72,18006,1,5.86
SHP101687,29-05-2025,Central,Road,Express,Carrier A,1211.4,56,6.49,7.41,0.92,9917,1,7.16
SHP101688,09-12-2025,South,Rail,Fragile,Carrier B,439.6,28,6.48,6.20,0.00,2167,1,9.08
SHP101689,04-02-2025,North,Rail,Express,Carrier D,761.3,30,7.19,6.86,0.00,3942,1,8.53
SHP101690,09-10-2025,South,Sea,Standard,Carrier E,1173,65,11.11,10.48,0.00,3543,1,8.07
SHP101691,21-11-2025,South,Road,Standard,Carrier C,123.1,21,4.07,4.36,0.29,611,1,9.58
SHP101692,28-08-2025,West,Road,Standard,Carrier A,946.5,194,5.90,5.01,0.00,5221,1,8.8
SHP101693,25-05-2025,West,Road,Standard,Carrier D,1188,119,6.44,5.95,0.00,8072,1,8.21
SHP101694,28-02-2025,West,Road,Standard,Carrier A,972.9,198,5.96,5.48,0.00,5693,1,8.45
SHP101695,07-09-2025,North,Road,Standard,Carrier A,1001.9,185,6.03,6.76,0.74,7283,1,7.01
SHP101696,21-06-2025,West,Air,Express,Carrier C,700.5,48,3.26,2.56,0.00,12025,1,6.78
SHP101697,24-02-2025,South,Road,Standard,Carrier C,1138.6,34,6.33,7.01,0.68,7710,1,7.4
SHP101698,12-05-2025,South,Road,Standard,Carrier B,321.1,11,4.51,4.49,0.00,1768,1,8.81
SHP101699,17-12-2025,Central,Sea,Standard,Carrier E,419.7,46,9.43,9.07,0.00,1353,1,8.94
SHP101700,07-04-2025,East,Road,Standard,Carrier A,991.3,190,6.00,6.92,0.92,5836,1,8.22
SHP101701,07-03-2025,Central,Road,Bulk,Carrier A,1140.9,35,6.34,5.58,0.00,5799,1,8.41
SHP101702,06-09-2025,Central,Rail,Standard,Carrier C,1463.1,53,8.75,9.71,0.95,5849,1,5.88
SHP101703,14-03-2025,West,Road,Standard,Carrier C,1846.3,42,7.90,7.57,0.00,10110,1,7.42
SHP101704,02-12-2025,Central,Road,Standard,Carrier E,461.3,77,4.83,5.36,0.54,3028,1,7.68
SHP101705,10-11-2025,North,Rail,Fragile,Carrier A,356.8,139,6.29,7.30,1.00,1837,0,7.76
SHP101706,25-12-2025,South,Road,Express,Carrier C,1274,22,6.63,7.87,1.24,10191,0,5.37
SHP101707,30-11-2025,South,Road,Standard,Carrier A,556.5,25,5.04,5.58,0.54,2402,1,8.56
SHP101708,30-03-2025,South,Road,Standard,Carrier A,718.5,159,5.40,5.58,0.18,4218,1,8.3
SHP101709,19-03-2025,South,Sea,Express,Carrier C,1196.3,97,11.16,9.76,0.00,5174,1,8.28
SHP101710,06-05-2025,North,Road,Bulk,Carrier D,840.3,51,5.67,6.99,1.32,4593,0,7.06
SHP101711,21-06-2025,East,Air,Standard,Carrier A,1116.8,183,4.18,4.57,0.39,17989,1,5.87
SHP101712,18-11-2025,East,Road,Standard,Carrier E,433.4,25,4.76,3.71,0.00,2561,1,8.9
SHP101713,25-09-2025,West,Rail,Standard,Carrier C,901.4,111,7.50,7.28,0.00,4122,1,8.59
SHP101714,24-08-2025,South,Road,Standard,Carrier C,889.8,58,5.78,6.10,0.32,5369,1,8.09
SHP101715,17-11-2025,East,Road,Express,Carrier E,1447.5,90,7.02,6.08,0.00,10663,1,7.81
SHP101716,24-08-2025,North,Road,Bulk,Carrier B,1645,13,7.46,7.72,0.26,8920,1,7.7
SHP101717,19-05-2025,South,Rail,Bulk,Carrier B,548.6,51,6.72,6.74,0.02,2011,1,9.66
SHP101718,31-05-2025,North,Road,Fragile,Carrier D,384.5,97,4.65,5.34,0.69,2991,1,7.74
SHP101719,08-07-2025,North,Road,Standard,Carrier A,1157.2,58,6.37,8.19,1.82,6493,0,6.17
SHP101720,02-02-2025,South,Road,Bulk,Carrier E,240.5,136,4.33,2.93,0.00,1378,1,10
SHP101721,28-09-2025,East,Road,Standard,Carrier E,1207.1,134,6.48,9.52,3.04,8162,0,4.22
SHP101722,27-08-2025,East,Rail,Standard,Carrier E,1264.5,32,8.31,8.97,0.66,4950,1,7.75
SHP101723,24-09-2025,West,Road,Express,Carrier C,520.9,103,4.96,4.92,0.00,3592,1,8.11
SHP101724,14-07-2025,South,Road,Standard,Carrier D,136.2,32,4.10,4.35,0.25,802,1,8.57
SHP101725,13-10-2025,East,Road,Fragile,Carrier E,1346.6,62,6.79,5.86,0.00,9018,1,7.84
SHP101726,13-12-2025,West,Road,Bulk,Carrier A,1714.9,92,7.61,6.40,0.00,8020,1,8.36
SHP101727,28-07-2025,South,Road,Fragile,Carrier B,1644.7,35,7.45,7.30,0.00,9254,1,8.21
SHP101728,12-06-2025,West,Road,Fragile,Carrier C,1677.2,101,7.53,9.02,1.49,14308,0,5.33
SHP101729,08-02-2025,North,Road,Standard,Carrier D,305.6,43,4.48,3.29,0.00,1705,1,9.56
SHP101730,12-10-2025,North,Sea,Standard,Carrier D,775.6,41,10.22,9.64,0.00,2033,1,8.51
SHP101731,26-11-2025,South,Road,Fragile,Carrier E,886.3,96,5.77,6.41,0.64,5243,1,8
SHP101732,13-09-2025,West,Air,Express,Carrier C,805,35,3.49,3.33,0.00,17180,1,6.54
SHP101733,12-11-2025,South,Road,Bulk,Carrier A,1123.9,34,6.30,6.91,0.61,5584,1,7.78
SHP101734,11-11-2025,South,Road,Standard,Carrier A,368.8,119,4.62,3.59,0.00,2285,1,8.82
SHP101735,19-10-2025,South,Road,Standard,Carrier E,236.2,65,4.32,2.59,0.00,1403,1,8.64
SHP101736,03-07-2025,Central,Road,Standard,Carrier C,191.9,23,4.23,5.15,0.92,1223,1,7.38
SHP101737,06-02-2025,North,Rail,Express,Carrier D,1364,105,8.53,9.88,1.35,6662,0,6.78
SHP101738,02-01-2025,North,Sea,Fragile,Carrier C,303.3,46,9.17,9.53,0.35,899,1,9.08
SHP101739,16-03-2025,North,Rail,Bulk,Carrier E,801.7,24,7.28,6.37,0.00,2242,1,8.96
SHP101740,07-06-2025,Central,Rail,Standard,Carrier B,505.3,12,6.62,6.43,0.00,1643,1,9.12
SHP101741,29-09-2025,West,Road,Standard,Carrier A,520.4,109,4.96,5.41,0.45,3211,1,7.9
SHP101742,16-06-2025,Central,Road,Standard,Carrier D,657.1,35,5.26,5.29,0.03,4234,1,8.93
SHP101743,09-01-2025,North,Air,Standard,Carrier C,535.2,27,2.89,4.91,2.02,8946,0,5.42
SHP101744,18-03-2025,South,Road,Standard,Carrier E,236.6,91,4.33,5.49,1.16,1230,0,7.54
SHP101745,24-12-2025,West,Road,Express,Carrier A,657.4,102,5.26,4.77,0.00,5626,1,8.94
SHP101746,27-12-2025,North,Sea,Standard,Carrier B,439.5,36,9.48,7.63,0.00,1232,1,9.55
SHP101747,18-05-2025,East,Sea,Standard,Carrier E,425.3,109,9.45,9.35,0.00,1767,1,8.26
SHP101748,21-10-2025,Central,Rail,Express,Carrier E,2013.7,229,9.97,8.94,0.00,11680,1,7.48
SHP101749,20-09-2025,North,Road,Fragile,Carrier A,273,145,4.41,4.30,0.00,2412,1,8.47
SHP101750,06-12-2025,Central,Sea,Standard,Carrier E,637.5,131,9.92,10.44,0.52,2061,1,8.48
SHP101751,20-11-2025,West,Road,Standard,Carrier A,845.7,74,5.68,5.92,0.24,5230,1,6.49
SHP101752,18-08-2025,South,Road,Express,Carrier A,2015,45,8.28,5.75,0.00,15188,1,6.98
SHP101753,25-05-2025,North,Road,Fragile,Carrier E,343.5,58,4.56,6.24,1.68,2337,0,7.31
SHP101754,17-08-2025,South,Sea,Fragile,Carrier A,1593,80,12.04,12.51,0.47,5114,1,7.9
SHP101755,27-04-2025,East,Sea,Standard,Carrier B,654.3,27,9.95,11.07,1.11,2003,0,7.04
SHP101756,08-05-2025,South,Rail,Standard,Carrier A,669.8,37,6.99,7.94,0.96,2911,1,8.8
SHP101757,11-08-2025,North,Road,Bulk,Carrier C,1083.6,24,6.21,5.73,0.00,5256,1,9.16
SHP101758,28-07-2025,West,Road,Standard,Carrier A,1745.6,70,7.68,9.13,1.45,9463,0,5.72
SHP101759,01-08-2025,South,Road,Standard,Carrier B,532.5,64,4.98,4.92,0.00,2737,1,8.8
SHP101760,21-05-2025,South,Sea,Bulk,Carrier B,885.4,39,10.47,12.31,1.84,2247,0,5.64
SHP101761,30-05-2025,West,Road,Standard,Carrier D,811.1,103,5.60,4.57,0.00,5495,1,8.74
SHP101762,04-01-2025,South,Road,Express,Carrier C,786.7,31,5.55,6.60,1.05,7004,0,6.16
SHP101763,08-08-2025,North,Rail,Bulk,Carrier A,1199.6,39,8.17,7.53,0.00,4381,1,9.04
SHP101764,30-07-2025,North,Road,Standard,Carrier C,459.8,100,4.82,8.15,3.33,2914,0,5.31
SHP101765,08-12-2025,South,Sea,Express,Carrier C,581,110,9.79,8.10,0.00,2304,1,8.98
SHP101766,04-07-2025,South,Road,Standard,Carrier B,240.8,36,4.34,5.65,1.32,1617,0,6.9
SHP101767,20-06-2025,East,Air,Bulk,Carrier C,1031.4,70,3.99,4.28,0.28,11585,1,7.8
SHP101768,25-01-2025,Central,Road,Bulk,Carrier B,763.9,36,5.50,6.62,1.12,3694,0,7.38
SHP101769,13-03-2025,South,Road,Bulk,Carrier B,1719.2,53,7.62,7.67,0.05,10149,1,7.69
SHP101770,04-05-2025,Central,Road,Standard,Carrier D,338.5,66,4.55,3.60,0.00,1807,1,8.59
SHP101771,18-05-2025,West,Road,Fragile,Carrier B,2168.5,87,8.62,5.75,0.00,15468,1,6.93
SHP101772,13-05-2025,West,Rail,Bulk,Carrier B,1139.3,74,8.03,10.92,2.88,4005,0,5.02
SHP101773,24-05-2025,East,Road,Express,Carrier A,1109,72,6.26,6.35,0.08,8879,1,7.08
SHP101774,08-10-2025,East,Road,Express,Carrier D,497.3,30,4.91,1.52,0.00,4370,1,9.41
SHP101775,17-02-2025,East,Air,Standard,Carrier D,619.3,78,3.08,4.12,1.05,10508,0,7.31
SHP101776,02-05-2025,North,Road,Bulk,Carrier D,554.5,86,5.03,6.23,1.19,3076,0,7.96
SHP101777,01-03-2025,West,Rail,Standard,Carrier A,1533.9,94,8.91,8.09,0.00,6566,1,8.78
SHP101778,23-04-2025,North,Air,Standard,Carrier C,217.3,38,2.18,1.77,0.00,2939,1,9.88
SHP101779,07-09-2025,South,Road,Bulk,Carrier B,678.3,109,5.31,5.38,0.08,3552,1,8.14
SHP101780,18-01-2025,West,Air,Bulk,Carrier D,715.2,26,3.29,4.67,1.38,11092,0,5.24
SHP101781,04-05-2025,South,Road,Bulk,Carrier B,541.8,46,5.00,5.22,0.21,3290,1,8.36
SHP101782,09-01-2025,South,Road,Standard,Carrier C,395.8,50,4.68,6.46,1.78,2066,0,6.99
SHP101783,15-12-2025,South,Road,Standard,Carrier C,153.1,27,4.14,5.54,1.40,927,0,7.33
SHP101784,23-09-2025,South,Sea,Standard,Carrier D,685.5,50,10.02,9.86,0.00,2048,1,8.5
SHP101785,30-03-2025,West,Rail,Standard,Carrier D,1029.7,70,7.79,5.98,0.00,4110,1,8.72
SHP101786,14-03-2025,West,Road,Bulk,Carrier E,764.5,18,5.50,5.24,0.00,4318,1,8.63
SHP101787,06-02-2025,North,Sea,Express,Carrier C,396.1,47,9.38,9.69,0.31,1846,1,9.17
SHP101788,22-06-2025,South,Road,Standard,Carrier E,719.9,19,5.40,5.57,0.17,4220,1,8.51
SHP101789,03-10-2025,North,Sea,Standard,Carrier E,1731.8,227,12.35,13.48,1.13,5718,0,5.99
SHP101790,02-08-2025,North,Air,Standard,Carrier C,473.2,69,2.75,4.14,1.39,7430,0,6.63
SHP101791,18-11-2025,East,Sea,Bulk,Carrier D,835.7,65,10.36,11.67,1.31,2119,0,8.28
SHP101792,06-05-2025,West,Sea,Express,Carrier E,910.5,70,10.52,9.51,0.00,2940,1,8.93
SHP101793,12-04-2025,North,Sea,Standard,Carrier E,286.5,89,9.14,10.13,1.00,998,1,8.53
SHP101794,24-06-2025,North,Road,Standard,Carrier B,600.8,114,5.14,8.11,2.97,3929,0,4.75
SHP101795,15-03-2025,Central,Air,Standard,Carrier D,605.4,22,3.05,1.63,0.00,9148,1,8.19
SHP101796,23-12-2025,East,Air,Standard,Carrier C,745.6,141,3.36,4.62,1.26,9951,0,5.76
SHP101797,09-03-2025,North,Rail,Bulk,Carrier A,1502.7,136,8.84,11.35,2.51,6012,0,5.13
SHP101798,24-06-2025,North,Road,Express,Carrier B,330.5,58,4.53,2.88,0.00,2743,1,8.81
SHP101799,10-07-2025,South,Sea,Standard,Carrier E,1559.8,56,11.97,13.22,1.25,3969,0,7.44
SHP101800,21-01-2025,Central,Road,Fragile,Carrier E,1077.9,8,6.20,8.15,1.95,6644,0,5.4
SHP101801,20-06-2025,North,Road,Standard,Carrier D,2205,27,8.70,7.40,0.00,13701,1,6.31
SHP101802,15-06-2025,South,Road,Standard,Carrier E,180.1,85,4.20,5.12,0.92,1263,1,8.3
SHP101803,05-04-2025,Central,Road,Express,Carrier C,130.4,132,4.09,3.38,0.00,1155,1,9.45
SHP101804,16-02-2025,East,Air,Standard,Carrier D,2942.6,97,8.24,8.87,0.63,44724,1,1.22
SHP101805,17-01-2025,South,Road,Standard,Carrier A,278.5,57,4.42,4.15,0.00,1798,1,9.61
SHP101806,04-01-2025,South,Rail,Fragile,Carrier B,415,211,6.42,8.38,1.96,2218,0,6.47
SHP101807,25-06-2025,South,Sea,Bulk,Carrier A,417.5,116,9.43,9.40,0.00,1182,1,9.36
SHP101808,02-02-2025,West,Road,Standard,Carrier E,1046.3,47,6.13,5.59,0.00,6737,1,8.08
SHP101809,17-12-2025,South,Rail,Express,Carrier D,634.3,249,6.91,5.80,0.00,3671,1,8.65
SHP101810,31-03-2025,Central,Road,Standard,Carrier E,458.3,30,4.82,4.73,0.00,2846,1,9.11
SHP101811,27-08-2025,Central,Sea,Express,Carrier C,1964.4,23,12.87,11.22,0.00,6842,1,9.51
SHP101812,03-09-2025,West,Sea,Standard,Carrier C,162.9,46,8.86,8.32,0.00,461,1,9.73
SHP101813,30-06-2025,West,Road,Express,Carrier D,1331.5,37,6.76,6.19,0.00,10535,1,7.95
SHP101814,19-11-2025,North,Rail,Standard,Carrier C,704.6,48,7.07,7.93,0.87,2951,1,8.25
SHP101815,10-02-2025,South,Road,Bulk,Carrier B,453,101,4.81,6.29,1.48,2703,0,5.8
SHP101816,27-03-2025,East,Road,Bulk,Carrier B,489.8,59,4.89,5.87,0.98,2709,1,7.9
SHP101817,03-04-2025,South,Rail,Standard,Carrier C,593.6,60,6.82,6.37,0.00,2181,1,9.54
SHP101818,19-02-2025,South,Road,Fragile,Carrier A,421.2,63,4.74,4.02,0.00,2865,1,8.97
SHP101819,18-04-2025,North,Rail,Standard,Carrier A,1204.6,13,8.18,8.92,0.74,4473,1,7.71
SHP101820,25-04-2025,South,Road,Express,Carrier A,561.8,23,5.05,4.31,0.00,4431,1,8.14
SHP101821,07-10-2025,North,Road,Standard,Carrier A,1100,47,6.24,6.55,0.30,7129,1,7.59
SHP101822,21-04-2025,East,Sea,Standard,Carrier A,495,35,9.60,10.60,1.00,1356,0,7.46
SHP101823,16-11-2025,East,Road,Express,Carrier A,826.5,52,5.64,6.23,0.60,6274,1,8.16
SHP101824,10-10-2025,West,Rail,Standard,Carrier A,826.3,150,7.34,7.65,0.31,3994,1,9.17
SHP101825,26-11-2025,East,Road,Standard,Carrier E,740.9,57,5.45,5.95,0.50,5063,1,8.99
SHP101826,08-02-2025,North,Sea,Standard,Carrier A,1589.9,26,12.03,11.51,0.00,4115,1,8.25
SHP101827,26-12-2025,East,Rail,Standard,Carrier C,1687.6,36,9.25,9.25,0.00,7219,1,7.83
SHP101828,13-08-2025,West,Road,Standard,Carrier A,1165.8,183,6.39,7.37,0.98,6171,1,6.74
SHP101829,25-12-2025,South,Road,Express,Carrier E,1399.4,163,6.91,5.82,0.00,10721,1,7.05
SHP101830,10-05-2025,Central,Road,Express,Carrier B,1126.9,89,6.30,4.36,0.00,8626,1,7.41
SHP101831,14-12-2025,South,Sea,Standard,Carrier D,536,22,9.69,11.12,1.43,1535,0,7.07
SHP101832,03-08-2025,South,Road,Standard,Carrier D,668.3,74,5.29,4.30,0.00,4204,1,9.18
SHP101833,27-01-2025,South,Road,Express,Carrier D,180.9,77,4.20,3.64,0.00,1514,1,8.75
SHP101834,30-05-2025,North,Air,Express,Carrier D,377.6,61,2.54,2.80,0.26,7938,1,8.33
SHP101835,20-02-2025,North,Road,Fragile,Carrier C,279.7,42,4.42,5.18,0.75,1981,1,8.88
SHP101836,10-12-2025,West,Road,Standard,Carrier D,450.3,48,4.80,1.95,0.00,2782,1,9.09
SHP101837,22-04-2025,Central,Road,Standard,Carrier E,868.2,40,5.73,6.48,0.75,5109,1,8.29
SHP101838,23-03-2025,North,Road,Express,Carrier B,523.2,29,4.96,6.19,1.23,3581,0,6.52
SHP101839,21-07-2025,West,Air,Standard,Carrier E,1240.4,147,4.46,5.36,0.90,18979,1,4.8
SHP101840,05-06-2025,North,Sea,Standard,Carrier E,387.4,107,9.36,7.32,0.00,1271,1,9.29
SHP101841,05-02-2025,East,Sea,Standard,Carrier D,1068.4,50,10.87,14.02,3.15,2861,0,5.11
SHP101842,26-10-2025,South,Sea,Fragile,Carrier E,365,76,9.31,8.24,0.00,1277,1,9.97
SHP101843,05-11-2025,South,Road,Standard,Carrier A,1521.8,78,7.18,6.04,0.00,8584,1,7.42
SHP101844,29-09-2025,West,Road,Express,Carrier C,386.9,277,4.66,4.86,0.20,3179,1,8.33
SHP101845,14-08-2025,West,Rail,Express,Carrier D,972.8,106,7.66,7.48,0.00,5841,1,8.38
SHP101846,27-05-2025,East,Sea,Standard,Carrier E,458.9,104,9.52,10.31,0.79,1727,1,7.84
SHP101847,17-07-2025,West,Air,Fragile,Carrier A,1843.3,62,5.80,5.49,0.00,23793,1,4.86
SHP101848,10-07-2025,East,Road,Express,Carrier E,1796.8,45,7.79,9.32,1.53,14795,0,4.76
SHP101849,02-03-2025,North,Rail,Standard,Carrier A,952.4,148,7.62,7.97,0.35,4119,1,8.13
SHP101850,30-01-2025,South,Air,Fragile,Carrier B,940.7,92,3.79,2.44,0.00,16451,1,7.45
SHP101851,03-04-2025,South,Sea,Standard,Carrier D,1184.4,35,11.13,12.65,1.52,3694,0,6.33
SHP101852,15-06-2025,South,Air,Standard,Carrier B,1057.3,81,4.05,4.40,0.35,18031,1,6.4
SHP101853,28-02-2025,North,Road,Express,Carrier E,1283.4,104,6.65,7.63,0.98,8826,1,7.4
SHP101854,08-02-2025,North,Road,Express,Carrier E,381.1,15,4.65,5.01,0.36,3044,1,8.16
SHP101855,07-11-2025,North,Road,Standard,Carrier A,741,33,5.45,8.60,3.15,5192,0,4.74
SHP101856,17-05-2025,West,Road,Bulk,Carrier B,481.5,76,4.87,4.51,0.00,2250,1,9.34
SHP101857,02-08-2025,North,Sea,Express,Carrier A,1780,17,12.46,12.17,0.00,6676,1,8.51
SHP101858,11-07-2025,West,Road,Express,Carrier D,310.3,19,4.49,4.62,0.13,2362,1,8.89
SHP101859,26-09-2025,West,Road,Standard,Carrier E,1972.6,51,8.18,7.83,0.00,12731,1,6.9
SHP101860,28-09-2025,North,Road,Standard,Carrier D,749.5,83,5.47,6.79,1.32,4967,0,7.28
SHP101861,19-04-2025,North,Rail,Standard,Carrier A,1295.6,86,8.38,5.39,0.00,5036,1,8.35
SHP101862,06-11-2025,West,Road,Express,Carrier A,520.2,169,4.96,4.17,0.00,4257,1,8.71
SHP101863,16-05-2025,West,Road,Standard,Carrier A,293.2,64,4.45,4.33,0.00,1543,1,9.24
SHP101864,01-11-2025,North,Sea,Fragile,Carrier C,1737.1,47,12.36,12.95,0.59,6838,1,7.99
SHP101865,28-05-2025,North,Road,Standard,Carrier D,1006.2,26,6.04,5.43,0.00,5676,1,9.51
SHP101866,10-02-2025,West,Road,Express,Carrier A,329.3,47,4.53,4.87,0.34,2620,1,8.13
SHP101867,05-10-2025,West,Road,Fragile,Carrier E,687.5,96,5.33,5.10,0.00,5427,1,8.52
SHP101868,12-01-2025,South,Rail,Fragile,Carrier B,654.4,98,6.95,7.63,0.68,3190,1,7.2
SHP101869,09-10-2025,North,Rail,Fragile,Carrier C,984.4,72,7.69,8.39,0.71,4979,1,8.5
SHP101870,16-01-2025,Central,Sea,Bulk,Carrier D,379.9,86,9.34,10.22,0.88,1085,1,8.15
SHP101871,17-03-2025,South,Road,Standard,Carrier C,324.4,138,4.52,6.27,1.75,2049,0,6.71
SHP101872,09-08-2025,East,Sea,Express,Carrier C,805.8,63,10.29,10.52,0.22,3262,1,8.6
SHP101873,10-12-2025,South,Rail,Bulk,Carrier B,394.9,147,6.38,7.45,1.07,1410,0,7.89
SHP101874,30-05-2025,West,Road,Express,Carrier C,1770.4,38,7.73,7.20,0.00,13693,1,6.72
SHP101875,14-02-2025,North,Road,Standard,Carrier B,1219.9,58,6.51,6.33,0.00,7955,1,8.73
SHP101876,27-03-2025,South,Road,Bulk,Carrier B,1197.9,44,6.46,6.40,0.00,5529,1,8.83
SHP101877,24-11-2025,Central,Sea,Standard,Carrier D,178.4,101,8.90,8.87,0.00,558,1,9.74
SHP101878,23-09-2025,North,Road,Standard,Carrier E,534.1,31,4.99,6.04,1.05,2893,0,7.23
SHP101879,06-02-2025,Central,Road,Standard,Carrier E,608.4,49,5.15,5.57,0.42,3622,1,7.86
SHP101880,21-05-2025,North,Rail,Standard,Carrier B,354.3,18,6.29,5.77,0.00,1530,1,9.08
SHP101881,07-04-2025,Central,Sea,Standard,Carrier B,1059.7,89,10.85,10.90,0.04,3270,1,9.24
SHP101882,06-03-2025,Central,Rail,Standard,Carrier A,972.7,136,7.66,6.21,0.00,3107,1,9.16
SHP101883,05-11-2025,West,Air,Bulk,Carrier B,1168.1,109,4.30,4.08,0.00,15650,1,6.36
SHP101884,14-08-2025,South,Road,Standard,Carrier C,1382.4,102,6.87,6.97,0.10,7797,1,8.34
SHP101885,07-03-2025,West,Sea,Standard,Carrier B,1339.7,104,11.48,13.56,2.08,4148,0,5.57
SHP101886,26-08-2025,West,Road,Bulk,Carrier D,3000,95,10.47,12.02,1.55,14911,0,4.61
SHP101887,31-05-2025,Central,Road,Fragile,Carrier A,725.7,90,5.41,4.87,0.00,4841,1,8.68
SHP101888,23-01-2025,North,Sea,Standard,Carrier C,647.9,94,9.94,10.57,0.63,1961,1,7.64
SHP101889,14-06-2025,South,Road,Standard,Carrier B,1051.1,39,6.14,6.49,0.35,5896,1,7.45
SHP101890,09-03-2025,South,Road,Express,Carrier C,1535,53,7.21,6.35,0.00,12435,1,8.18
SHP101891,31-03-2025,West,Rail,Fragile,Carrier A,237.8,63,6.03,6.19,0.16,1039,1,9.78
SHP101892,17-11-2025,Central,Road,Express,Carrier C,432.1,49,4.76,3.95,0.00,3054,1,10
SHP101893,17-09-2025,South,Road,Standard,Carrier D,500.6,22,4.91,7.17,2.25,3139,0,6.31
SHP101894,18-02-2025,East,Rail,Express,Carrier E,773.3,27,7.22,6.74,0.00,4344,1,9.03
SHP101895,07-11-2025,Central,Air,Express,Carrier B,536.2,70,2.89,2.88,0.00,11200,1,7.45
SHP101896,29-07-2025,South,Air,Express,Carrier C,1395.8,109,4.80,1.29,0.00,25712,1,4.92
SHP101897,16-11-2025,South,Road,Bulk,Carrier D,843.4,61,5.67,6.72,1.05,3952,0,7.91
SHP101898,30-09-2025,West,Rail,Fragile,Carrier C,682.3,364,7.02,8.73,1.71,3605,0,7.41
SHP101899,04-05-2025,West,Air,Express,Carrier C,978.2,33,3.87,1.96,0.00,20880,1,6.35
SHP101900,15-07-2025,South,Road,Express,Carrier B,195.2,81,4.23,3.05,0.00,1477,1,8.69
SHP101901,13-07-2025,East,Road,Express,Carrier E,948.6,140,5.91,6.43,0.52,8355,1,7.57
SHP101902,20-09-2025,West,Road,Standard,Carrier D,402.6,121,4.69,4.72,0.02,2603,1,8.51
SHP101903,01-04-2025,Central,Road,Standard,Carrier E,1244.8,92,6.57,7.40,0.84,8289,1,6.79
SHP101904,02-05-2025,Central,Road,Express,Carrier D,216.3,121,4.28,3.55,0.00,2030,1,9.96
SHP101905,31-03-2025,East,Air,Express,Carrier B,1019.1,63,3.96,6.11,2.14,21150,0,2.54
SHP101906,19-04-2025,West,Sea,Standard,Carrier B,410,178,9.41,8.64,0.00,1134,1,10
SHP101907,28-02-2025,South,Road,Standard,Carrier A,1554,139,7.25,10.45,3.20,9741,0,4.08
SHP101908,14-01-2025,West,Rail,Express,Carrier D,250.7,35,6.06,6.79,0.73,1318,1,8.01
SHP101909,10-12-2025,South,Road,Express,Carrier D,755.3,74,5.48,5.84,0.36,5817,1,8.02
SHP101910,28-01-2025,West,Road,Standard,Carrier B,1134.5,22,6.32,5.12,0.00,7520,1,7.77
SHP101911,21-11-2025,South,Air,Standard,Carrier A,914.4,162,3.73,4.88,1.15,13243,0,5.46
SHP101912,02-01-2025,West,Road,Standard,Carrier E,910.7,70,5.82,6.52,0.69,5123,1,7.72
SHP101913,11-10-2025,South,Sea,Bulk,Carrier B,308.6,145,9.19,6.85,0.00,973,1,9.06
SHP101914,30-04-2025,North,Road,Bulk,Carrier C,295.4,56,4.46,3.24,0.00,1521,1,8.63
SHP101915,08-07-2025,South,Road,Express,Carrier A,888.8,18,5.78,5.59,0.00,6594,1,8.18
SHP101916,14-04-2025,West,Road,Standard,Carrier A,804.6,335,5.59,5.43,0.00,4431,1,7.94
SHP101917,29-06-2025,East,Road,Express,Carrier E,365.6,66,4.61,4.02,0.00,2688,1,8.25
SHP101918,14-06-2025,South,Sea,Standard,Carrier D,351.8,31,9.28,10.62,1.34,972,0,6.86
SHP101919,13-07-2025,East,Rail,Bulk,Carrier A,689.1,127,7.03,6.71,0.00,2587,1,9.89
SHP101920,24-05-2025,Central,Road,Standard,Carrier A,572.8,227,5.07,4.85,0.00,3371,1,9.06
SHP101921,15-07-2025,North,Road,Standard,Carrier C,2158.1,53,8.60,8.25,0.00,10268,1,8.02
SHP101922,29-10-2025,West,Rail,Express,Carrier D,1610.9,57,9.08,8.97,0.00,8397,1,8.01
SHP101923,08-06-2025,North,Air,Standard,Carrier C,1216.8,70,4.40,2.83,0.00,16610,1,6.91
SHP101924,12-05-2025,South,Road,Express,Carrier E,1733.1,29,7.65,6.48,0.00,13612,1,7.78
SHP101925,18-02-2025,West,Road,Fragile,Carrier D,476.8,39,4.86,3.23,0.00,3884,1,8.98
SHP101926,12-05-2025,South,Road,Standard,Carrier D,524.7,192,4.97,4.71,0.00,3457,1,9.73
SHP101927,15-02-2025,Central,Road,Standard,Carrier B,1469.6,55,7.07,8.20,1.13,9920,0,6.31
SHP101928,08-03-2025,Central,Road,Express,Carrier D,753.9,35,5.48,5.93,0.45,5937,1,8.17
SHP101929,14-12-2025,East,Road,Fragile,Carrier E,783.6,45,5.54,5.75,0.21,6143,1,8.5
SHP101930,02-02-2025,West,Road,Standard,Carrier A,336.3,121,4.55,5.16,0.61,2094,1,7.77
SHP101931,25-06-2025,West,Road,Standard,Carrier D,1428.4,17,6.97,6.76,0.00,8393,1,8.02
SHP101932,01-11-2025,Central,Road,Express,Carrier E,1049.7,71,6.13,7.30,1.17,7545,0,5.67
SHP101933,14-12-2025,South,Sea,Standard,Carrier C,616.4,299,9.87,9.82,0.00,1980,1,9
SHP101934,23-02-2025,South,Rail,Fragile,Carrier D,527.3,226,6.67,3.70,0.00,2581,1,8.82
SHP101935,01-03-2025,West,Road,Express,Carrier B,1570.6,88,7.29,7.62,0.33,10788,1,7
SHP101936,16-05-2025,North,Road,Standard,Carrier A,480.6,142,4.87,4.74,0.00,3046,1,8.67
SHP101937,22-07-2025,North,Road,Fragile,Carrier E,270.2,141,4.40,4.84,0.43,1996,1,8.81
SHP101938,17-12-2025,South,Sea,Standard,Carrier B,1625.1,56,12.11,12.60,0.49,4730,1,7.52
SHP101939,17-03-2025,West,Rail,Standard,Carrier D,1645.2,110,9.16,7.52,0.00,5429,1,9.52
SHP101940,02-03-2025,South,Road,Express,Carrier B,479.4,193,4.87,4.35,0.00,4354,1,8.99
SHP101941,03-04-2025,South,Sea,Bulk,Carrier B,2414.7,27,13.87,14.58,0.71,6845,1,6.92
SHP101942,16-11-2025,South,Sea,Express,Carrier D,700.1,88,10.06,9.87,0.00,3198,1,9.22
SHP101943,11-01-2025,North,Air,Standard,Carrier B,483,76,2.77,2.48,0.00,8481,1,8.53
SHP101944,19-05-2025,Central,Road,Express,Carrier E,1028.5,65,6.09,6.83,0.74,8200,1,7.31
SHP101945,13-02-2025,North,Road,Standard,Carrier A,303.5,61,4.47,3.73,0.00,1768,1,8.55
SHP101946,27-02-2025,West,Rail,Standard,Carrier A,393.1,70,6.37,5.65,0.00,1631,1,10
SHP101947,01-12-2025,East,Road,Standard,Carrier A,892.3,74,5.78,6.33,0.54,5160,1,8.21
SHP101948,01-01-2025,North,Rail,Standard,Carrier B,794.9,125,7.27,8.01,0.74,2542,1,7.37
SHP101949,28-04-2025,East,Air,Standard,Carrier A,1292.3,82,4.57,4.90,0.33,20442,1,5.7
SHP101950,01-12-2025,West,Road,Bulk,Carrier B,333.8,54,4.54,5.95,1.41,1676,0,7.23
SHP101951,10-08-2025,West,Road,Standard,Carrier A,2167.2,35,8.62,8.96,0.34,10801,1,7.18
SHP101952,27-01-2025,South,Road,Fragile,Carrier D,565.6,44,5.06,5.59,0.54,3836,1,7.43
SHP101953,19-06-2025,South,Road,Express,Carrier A,776.8,72,5.53,5.23,0.00,6085,1,8.42
SHP101954,21-12-2025,Central,Rail,Standard,Carrier E,548.9,38,6.72,7.86,1.14,2079,0,7.17
SHP101955,27-05-2025,East,Air,Standard,Carrier E,301.8,112,2.37,3.35,0.98,4618,1,7.22
SHP101956,12-07-2025,Central,Road,Standard,Carrier D,724.1,80,5.41,3.63,0.00,4931,1,8.79
SHP101957,14-07-2025,Central,Air,Standard,Carrier D,1125,127,4.20,5.75,1.55,14317,0,4.81
SHP101958,30-08-2025,South,Road,Express,Carrier D,656.2,40,5.26,4.80,0.00,5093,1,8.39
SHP101959,10-03-2025,East,Air,Bulk,Carrier E,422.4,35,2.64,4.13,1.49,4862,0,7.18
SHP101960,03-11-2025,North,Road,Bulk,Carrier C,1318.9,126,6.73,6.66,0.00,7532,1,7.66
SHP101961,27-12-2025,East,Air,Standard,Carrier D,1349.7,66,4.70,3.30,0.00,18526,1,5.96
SHP101962,22-02-2025,South,Air,Standard,Carrier C,634.4,53,3.11,0.59,0.00,8997,1,7.21
SHP101963,26-10-2025,North,Road,Standard,Carrier D,927.3,95,5.86,5.17,0.00,6103,1,7.93
SHP101964,26-10-2025,East,Rail,Bulk,Carrier B,1312.9,93,8.42,9.71,1.29,4807,0,7.05
SHP101965,28-09-2025,East,Sea,Standard,Carrier A,1117.2,27,10.98,13.18,2.19,3629,0,6.41
SHP101966,16-05-2025,West,Road,Standard,Carrier E,911,148,5.82,6.17,0.35,4567,1,7.76
SHP101967,21-06-2025,North,Air,Express,Carrier D,1088.9,46,4.12,2.61,0.00,22433,1,6
SHP101968,03-11-2025,North,Sea,Express,Carrier D,967.3,182,10.65,9.45,0.00,3908,1,8.81
SHP101969,25-02-2025,Central,Sea,Standard,Carrier B,750.7,25,10.17,12.03,1.86,2124,0,5.95
SHP101970,30-10-2025,North,Road,Express,Carrier D,329.3,74,4.53,2.72,0.00,2679,1,9.05
SHP101971,03-12-2025,North,Rail,Standard,Carrier C,382.5,53,6.35,9.17,2.82,1712,0,6.25
SHP101972,06-09-2025,West,Sea,Standard,Carrier A,993.4,17,10.71,12.86,2.16,3086,0,5.15
SHP101973,05-05-2025,North,Rail,Standard,Carrier E,545.3,93,6.71,9.57,2.85,2367,0,6.54
SHP101974,24-07-2025,West,Road,Standard,Carrier E,971.3,17,5.96,6.40,0.44,5775,1,7.55
SHP101975,19-01-2025,North,Road,Bulk,Carrier E,323.7,50,4.52,4.53,0.01,2078,1,8.14
SHP101976,07-12-2025,East,Air,Standard,Carrier C,448.4,124,2.70,3.81,1.11,6378,0,7.03
SHP101977,05-05-2025,Central,Road,Fragile,Carrier B,656.2,43,5.26,6.95,1.69,3979,0,7.08
SHP101978,21-01-2025,Central,Road,Standard,Carrier A,158.5,34,4.15,3.70,0.00,967,1,9.08
SHP101979,17-10-2025,West,Road,Express,Carrier D,410.9,102,4.71,2.75,0.00,3348,1,9.01
SHP101980,29-08-2025,North,Air,Bulk,Carrier E,487,51,2.78,2.86,0.07,6922,1,9.32
SHP101981,16-08-2025,East,Road,Standard,Carrier A,831.3,46,5.65,5.46,0.00,4674,1,8.73
SHP101982,20-01-2025,East,Sea,Bulk,Carrier D,630.9,138,9.90,12.03,2.13,1788,0,8.08
SHP101983,02-10-2025,West,Air,Express,Carrier A,859.3,28,3.61,2.20,0.00,14391,1,7.7
SHP101984,21-08-2025,West,Sea,Express,Carrier D,767.6,45,10.21,9.62,0.00,3304,1,8.88
SHP101985,17-10-2025,East,Sea,Standard,Carrier A,614.5,106,9.87,11.70,1.83,1863,0,6.96
SHP101986,29-10-2025,West,Road,Express,Carrier E,489.1,27,4.89,5.66,0.77,3751,1,7.63
SHP101987,19-03-2025,East,Rail,Standard,Carrier A,784,191,7.24,8.18,0.94,3770,1,7.73
SHP101988,18-03-2025,South,Road,Bulk,Carrier C,1536.6,52,7.21,7.76,0.54,8569,1,7.6
SHP101989,04-12-2025,North,Sea,Bulk,Carrier D,487.2,107,9.58,8.81,0.00,1211,1,8.98
SHP101990,13-07-2025,West,Road,Standard,Carrier E,2114,106,8.50,9.67,1.18,12321,0,5.12
SHP101991,09-06-2025,South,Rail,Bulk,Carrier B,793.3,55,7.26,8.82,1.55,3301,0,7.64
SHP101992,15-04-2025,East,Sea,Bulk,Carrier E,1252.6,44,11.28,9.83,0.00,3698,1,9.32
SHP101993,22-08-2025,West,Road,Express,Carrier A,933.7,59,5.87,7.20,1.33,8041,0,5.62
SHP101994,03-10-2025,South,Sea,Standard,Carrier C,1019.6,96,10.77,10.06,0.00,2463,1,9.08
SHP101995,01-01-2025,East,Road,Standard,Carrier E,408.8,32,4.71,6.09,1.38,2713,0,7.78
SHP101996,21-07-2025,East,Road,Standard,Carrier B,542.3,28,5.01,5.79,0.79,2973,1,8.43
SHP101997,29-12-2025,East,Road,Standard,Carrier C,234.3,158,4.32,4.95,0.63,1739,1,7.94
SHP101998,13-04-2025,North,Road,Bulk,Carrier C,646.8,37,5.24,5.40,0.16,3069,1,9.23
SHP101999,13-04-2025,East,Rail,Standard,Carrier B,1078.7,76,7.90,7.46,0.00,4288,1,8.69
SHP102000,17-11-2025,North,Sea,Express,Carrier D,649.8,53,9.94,10.25,0.30,2362,1,8.84
SHP102001,23-01-2025,West,Road,Express,Carrier C,1294.8,54,6.68,5.65,0.00,9864,1,7.25
SHP102002,26-05-2025,South,Rail,Express,Carrier D,576.6,153,6.78,4.68,0.00,3332,1,6.5
SHP102003,17-06-2025,West,Sea,Standard,Carrier C,467.7,57,9.54,8.35,0.00,1221,1,8.77
SHP102004,19-10-2025,East,Air,Express,Carrier E,527.5,48,2.87,1.39,0.00,12833,1,7.56
SHP102005,17-02-2025,West,Road,Express,Carrier C,1143,51,6.34,5.04,0.00,8093,1,7.94
SHP102006,08-06-2025,North,Sea,Express,Carrier D,1840.8,43,12.59,12.85,0.26,6250,1,8.39
SHP102007,25-02-2025,East,Road,Standard,Carrier D,2244.4,39,8.79,8.67,0.00,13882,1,7.69
SHP102008,15-10-2025,West,Rail,Express,Carrier E,1070.8,44,7.88,8.30,0.42,6085,1,7.68
SHP102009,19-08-2025,South,Rail,Standard,Carrier E,1258.6,178,8.30,8.26,0.00,4809,1,8.36
SHP102010,01-07-2025,Central,Air,Express,Carrier B,269.5,96,2.30,1.57,0.00,4907,1,7.38
SHP102011,24-05-2025,East,Road,Standard,Carrier B,319.2,48,4.51,5.23,0.72,1736,1,7.36
SHP102012,25-02-2025,Central,Road,Standard,Carrier B,420.3,114,4.73,6.64,1.90,2317,0,5.9
SHP102013,03-12-2025,Central,Air,Fragile,Carrier C,1592.9,22,5.24,4.31,0.00,29092,1,4.86
SHP102014,25-08-2025,Central,Road,Standard,Carrier C,1579.2,148,7.31,9.51,2.20,9331,0,4.91
SHP102015,27-04-2025,East,Road,Bulk,Carrier A,2550.4,140,9.47,11.27,1.80,13518,0,4.6
SHP102016,01-06-2025,West,Air,Bulk,Carrier E,414.2,258,2.62,2.60,0.00,5881,1,8.06
SHP102017,23-09-2025,South,Rail,Standard,Carrier E,696.2,116,7.05,8.51,1.46,2989,0,6.65
SHP102018,20-09-2025,West,Road,Standard,Carrier D,233.3,80,4.32,3.95,0.00,1445,1,9.67
SHP102019,18-06-2025,East,Road,Standard,Carrier B,287.6,140,4.44,5.47,1.03,1733,0,7.88
SHP102020,21-04-2025,West,Sea,Bulk,Carrier E,612.9,40,9.86,9.24,0.00,1583,1,9.68
SHP102021,29-08-2025,Central,Road,Express,Carrier B,426.1,47,4.75,5.46,0.71,3402,1,6.74
SHP102022,29-08-2025,South,Road,Standard,Carrier B,429.5,58,4.75,4.04,0.00,2606,1,9.26
SHP102023,07-08-2025,North,Road,Standard,Carrier E,501.6,147,4.91,5.26,0.34,2942,1,8.22
SHP102024,27-01-2025,West,Road,Standard,Carrier E,1703.1,35,7.58,8.37,0.78,10545,1,6.51
SHP102025,22-06-2025,North,Sea,Express,Carrier C,1405,32,11.62,12.53,0.91,4734,1,8.22
SHP102026,13-08-2025,South,Road,Standard,Carrier A,379.6,70,4.64,3.80,0.00,2169,1,8.82
SHP102027,13-12-2025,South,Road,Standard,Carrier A,1381.4,96,6.87,7.84,0.97,9078,1,6.95
SHP102028,11-07-2025,East,Road,Fragile,Carrier E,448.6,38,4.80,4.72,0.00,2870,1,8.36
SHP102029,06-05-2025,North,Road,Standard,Carrier B,267.1,93,4.39,2.32,0.00,1858,1,9.11
SHP102030,22-07-2025,South,Road,Standard,Carrier D,490.2,147,4.89,4.13,0.00,2694,1,8.08
SHP102031,06-03-2025,South,Sea,Express,Carrier B,881.5,132,10.46,10.82,0.36,2956,1,8.43
SHP102032,03-02-2025,North,Rail,Bulk,Carrier C,407.8,76,6.41,6.79,0.39,1199,1,8.93
SHP102033,05-09-2025,South,Road,Standard,Carrier E,1058.8,57,6.15,5.64,0.00,6297,1,8.96
SHP102034,26-12-2025,East,Road,Bulk,Carrier C,512.6,186,4.94,5.70,0.76,3040,1,7.49
SHP102035,05-11-2025,East,Road,Standard,Carrier C,921.2,61,5.85,6.57,0.73,6161,1,7.18
SHP102036,02-08-2025,South,Road,Bulk,Carrier C,376.6,111,4.64,5.45,0.82,2250,1,7.65
SHP102037,15-01-2025,West,Rail,Standard,Carrier B,739.6,215,7.14,5.29,0.00,3323,1,8.71
SHP102038,27-12-2025,South,Road,Express,Carrier C,415.9,104,4.72,4.01,0.00,3203,1,8.34
SHP102039,14-06-2025,North,Air,Standard,Carrier C,624.4,32,3.09,3.63,0.54,8351,1,6.14
SHP102040,16-04-2025,Central,Sea,Bulk,Carrier A,2133.1,27,13.24,11.97,0.00,5575,1,7.9
SHP102041,22-11-2025,West,Road,Bulk,Carrier C,556.8,50,5.04,3.45,0.00,3241,1,8.83
SHP102042,30-09-2025,Central,Sea,Standard,Carrier D,314.7,96,9.20,9.08,0.00,985,1,9.15
SHP102043,01-10-2025,South,Road,Standard,Carrier A,769.1,81,5.51,5.62,0.11,5152,1,8.71
SHP102044,12-04-2025,North,Road,Express,Carrier E,777.3,253,5.53,5.24,0.00,5209,1,9
SHP102045,29-12-2025,North,Sea,Standard,Carrier E,774.2,80,10.22,9.98,0.00,2375,1,8.76
SHP102046,15-06-2025,North,Road,Express,Carrier D,1021.6,49,6.07,5.08,0.00,7968,1,7.2
SHP102047,13-07-2025,Central,Rail,Express,Carrier A,540.1,29,6.70,5.85,0.00,2690,1,9.17
SHP102048,02-10-2025,South,Air,Standard,Carrier C,1083.5,130,4.11,4.55,0.44,16044,1,6.17
SHP102049,29-08-2025,East,Road,Standard,Carrier E,720.8,60,5.40,7.53,2.13,3953,0,5.93
SHP102050,04-03-2025,Central,Sea,Bulk,Carrier A,303.3,23,9.17,6.92,0.00,801,1,9.94
SHP102051,21-04-2025,West,Road,Standard,Carrier D,1177.3,61,6.42,7.13,0.72,6994,1,7.59
SHP102052,12-05-2025,North,Sea,Express,Carrier E,815.3,32,10.31,9.88,0.00,3432,1,8.9
SHP102053,12-12-2025,West,Road,Standard,Carrier A,1049,46,6.13,6.74,0.60,7150,1,7.54
SHP102054,18-09-2025,North,Road,Standard,Carrier B,326.4,61,4.53,6.29,1.76,2041,0,7.32
SHP102055,14-05-2025,East,Road,Standard,Carrier D,1219.9,34,6.51,6.34,0.00,6566,1,7.93
SHP102056,26-09-2025,North,Sea,Standard,Carrier E,2473.7,44,14.00,15.48,1.49,6188,0,6.03
SHP102057,27-09-2025,Central,Road,Express,Carrier D,310.8,37,4.49,2.65,0.00,2885,1,8.79
SHP102058,24-05-2025,West,Sea,Standard,Carrier C,1324.7,38,11.44,11.59,0.15,4324,1,7.85
SHP102059,28-05-2025,West,Road,Express,Carrier D,817.5,31,5.62,4.64,0.00,7022,1,8.2
SHP102060,23-11-2025,East,Road,Express,Carrier C,725.6,44,5.41,5.47,0.05,5808,1,8.42
SHP102061,25-07-2025,West,Road,Standard,Carrier C,1228.4,34,6.53,5.39,0.00,7780,1,8.07
SHP102062,24-02-2025,Central,Road,Standard,Carrier D,1148.3,88,6.35,7.15,0.80,7704,1,6.91
SHP102063,20-09-2025,South,Sea,Express,Carrier A,1526.3,69,11.89,13.12,1.22,5548,0,7.85
SHP102064,04-08-2025,Central,Road,Express,Carrier B,334.7,131,4.54,3.03,0.00,2828,1,9.45
SHP102065,05-07-2025,East,Rail,Express,Carrier A,1562.1,206,8.97,9.19,0.22,7235,1,7.87
SHP102066,22-09-2025,Central,Rail,Standard,Carrier D,915.5,94,7.53,8.82,1.28,3503,0,7.26
SHP102067,28-11-2025,North,Road,Fragile,Carrier D,237.6,81,4.33,4.74,0.41,2008,1,9.31
SHP102068,01-05-2025,East,Rail,Standard,Carrier A,560.1,98,6.74,9.01,2.26,2483,0,5.83
SHP102069,03-06-2025,North,Sea,Express,Carrier A,829.1,82,10.34,9.55,0.00,3317,1,8.32
SHP102070,11-03-2025,East,Rail,Standard,Carrier B,552.3,62,6.73,7.29,0.57,1558,1,8.56
SHP102071,25-08-2025,South,Road,Express,Carrier B,670.2,59,5.29,3.55,0.00,5003,1,8.79
SHP102072,27-05-2025,North,Rail,Standard,Carrier C,503.8,31,6.62,7.17,0.55,1934,1,8.66
SHP102073,05-05-2025,North,Rail,Express,Carrier C,3000,104,12.17,11.87,0.00,14859,1,7.38
SHP102074,12-09-2025,North,Road,Standard,Carrier B,1094.2,59,6.23,7.36,1.13,6484,0,6.5
SHP102075,29-05-2025,North,Rail,Express,Carrier A,766.6,155,7.20,6.17,0.00,4101,1,7.94
SHP102076,19-06-2025,East,Road,Standard,Carrier D,371.1,109,4.62,4.54,0.00,2249,1,8.7
SHP102077,10-06-2025,South,Air,Express,Carrier D,1528.8,40,5.10,5.03,0.00,29946,1,4.73
SHP102078,05-04-2025,East,Sea,Standard,Carrier D,1008.3,136,10.74,13.05,2.31,2965,0,5.52
SHP102079,15-02-2025,South,Sea,Standard,Carrier E,396.3,11,9.38,10.20,0.82,1048,1,7.13
SHP102080,29-10-2025,East,Air,Express,Carrier E,398.1,212,2.58,4.71,2.12,9640,0,5.22
SHP102081,03-02-2025,East,Rail,Standard,Carrier E,680.6,25,7.01,8.35,1.34,2450,0,7.01
SHP102082,29-04-2025,North,Air,Standard,Carrier D,771.5,83,3.41,4.41,1.00,8733,1,5.75
SHP102083,01-09-2025,East,Road,Fragile,Carrier A,1078.4,80,6.20,8.03,1.83,9138,0,5.63
SHP102084,17-02-2025,Central,Road,Fragile,Carrier B,709.3,125,5.38,7.74,2.36,4848,0,5.43
SHP102085,28-08-2025,East,Road,Bulk,Carrier C,1134.9,49,6.32,8.45,2.12,6275,0,6.62
SHP102086,25-09-2025,North,Road,Standard,Carrier D,552.6,15,5.03,4.18,0.00,3004,1,8.95
SHP102087,30-08-2025,North,Sea,Standard,Carrier E,710.5,49,10.08,11.40,1.32,2154,0,7.71
SHP102088,22-04-2025,East,Sea,Fragile,Carrier D,1563.2,52,11.97,13.33,1.36,5392,0,6.8
SHP102089,08-01-2025,North,Road,Standard,Carrier B,1166.4,16,6.39,6.57,0.18,7475,1,7.6
SHP102090,20-11-2025,East,Road,Express,Carrier D,737.4,62,5.44,3.40,0.00,5727,1,8.18
SHP102091,30-04-2025,North,Rail,Standard,Carrier D,895.4,30,7.49,6.12,0.00,3141,1,9.47
SHP102092,21-10-2025,East,Road,Bulk,Carrier D,712.5,92,5.38,5.66,0.28,3847,1,8.82
SHP102093,14-03-2025,South,Air,Express,Carrier C,289.4,51,2.34,0.50,0.00,5522,1,7.66
SHP102094,01-03-2025,South,Sea,Standard,Carrier D,127.9,216,8.78,8.49,0.00,652,1,8.6
SHP102095,12-10-2025,Central,Road,Standard,Carrier B,1889.8,51,8.00,9.12,1.12,10413,0,5.61
SHP102096,10-12-2025,Central,Road,Standard,Carrier B,413.3,80,4.72,4.35,0.00,3190,1,9.45
SHP102097,11-11-2025,Central,Road,Standard,Carrier B,579.9,53,5.09,5.48,0.40,2813,1,7.48
SHP102098,02-10-2025,Central,Road,Express,Carrier B,2925.2,21,10.30,8.67,0.00,23482,1,5.92
SHP102099,01-04-2025,North,Road,Standard,Carrier D,361.8,53,4.60,5.35,0.74,2136,1,8.33
SHP102100,30-11-2025,North,Road,Standard,Carrier B,686.8,98,5.33,6.31,0.98,4816,1,7.45
SHP102101,01-09-2025,South,Road,Standard,Carrier A,1625.7,89,7.41,5.88,0.00,8473,1,7.73
SHP102102,04-03-2025,West,Road,Express,Carrier A,2139.5,50,8.55,6.99,0.00,16980,1,7.22
SHP102103,17-02-2025,South,Road,Standard,Carrier E,999.6,23,6.02,4.66,0.00,6231,1,8.42
SHP102104,14-11-2025,Central,Air,Standard,Carrier C,1537.4,92,5.12,6.00,0.89,22075,1,3.82
SHP102105,11-04-2025,South,Road,Bulk,Carrier C,643.3,79,5.23,5.52,0.29,3084,1,7.86
SHP102106,07-10-2025,South,Sea,Standard,Carrier E,127.7,104,8.78,8.83,0.04,554,1,8.35
SHP102107,20-02-2025,South,Road,Standard,Carrier A,1454.9,50,7.03,6.99,0.00,8284,1,8.68
SHP102108,13-04-2025,South,Road,Bulk,Carrier E,726.7,20,5.41,5.89,0.47,3548,1,9
SHP102109,14-04-2025,South,Road,Standard,Carrier D,596.5,85,5.13,5.62,0.49,3926,1,8.73
SHP102110,13-04-2025,West,Air,Bulk,Carrier D,563.2,60,2.95,2.38,0.00,7355,1,8.1
SHP102111,04-09-2025,North,Road,Express,Carrier C,1121.2,149,6.29,5.26,0.00,9476,1,7.04
SHP102112,30-11-2025,West,Road,Express,Carrier D,1113.2,61,6.27,5.51,0.00,9076,1,7.31
SHP102113,29-11-2025,Central,Road,Standard,Carrier B,740.2,59,5.44,5.53,0.08,4795,1,7.95
SHP102114,28-09-2025,West,Sea,Standard,Carrier B,970,79,10.66,13.03,2.37,3239,0,5.87
SHP102115,15-03-2025,West,Road,Standard,Carrier E,357.1,41,4.59,4.15,0.00,2063,1,9.82
SHP102116,17-12-2025,North,Road,Standard,Carrier B,649.4,40,5.24,5.98,0.73,4116,1,8.56
SHP102117,17-07-2025,South,Sea,Standard,Carrier D,367.8,57,9.32,9.95,0.64,1008,1,8.17
SHP102118,19-07-2025,North,Road,Express,Carrier E,359.8,33,4.60,5.91,1.31,2255,0,6.16
SHP102119,14-09-2025,Central,Road,Express,Carrier C,913.3,52,5.83,4.50,0.00,8556,1,7.33
SHP102120,08-10-2025,West,Air,Standard,Carrier B,765.4,213,3.40,4.94,1.54,10940,0,6.3
SHP102121,14-12-2025,South,Road,Express,Carrier E,553.3,119,5.03,4.26,0.00,4629,1,8.76
SHP102122,01-08-2025,North,Road,Bulk,Carrier E,629,74,5.20,8.47,3.28,2854,0,4.63
SHP102123,11-08-2025,East,Road,Express,Carrier C,961.3,165,5.94,6.35,0.42,6848,1,7.5
SHP102124,30-09-2025,West,Road,Fragile,Carrier A,1135.4,35,6.32,5.26,0.00,7522,1,7.73
SHP102125,04-04-2025,West,Sea,Express,Carrier C,1025.2,305,10.78,9.85,0.00,4713,1,7.95
SHP102126,23-04-2025,Central,Rail,Standard,Carrier C,230.8,45,6.01,7.85,1.84,861,0,8.1
SHP102127,17-08-2025,West,Rail,Standard,Carrier A,153.3,222,5.84,5.93,0.09,1026,1,10
SHP102128,24-01-2025,West,Road,Bulk,Carrier C,438.9,221,4.78,4.71,0.00,2269,1,8.57
SHP102129,27-04-2025,South,Rail,Express,Carrier A,154.5,19,5.84,6.07,0.23,880,1,8.01
SHP102130,20-09-2025,South,Rail,Fragile,Carrier D,1757.1,157,9.40,9.46,0.05,8928,1,7.94
SHP102131,23-12-2025,Central,Road,Bulk,Carrier C,615.7,50,5.17,5.23,0.06,2995,1,8.75
SHP102132,09-07-2025,West,Sea,Standard,Carrier D,301.9,42,9.17,8.08,0.00,966,1,9.58
SHP102133,26-05-2025,North,Rail,Standard,Carrier C,611.2,85,6.86,9.25,2.39,2312,0,6.5
SHP102134,10-06-2025,West,Air,Express,Carrier D,198.4,31,2.14,0.50,0.00,3779,1,8.13
SHP102135,08-09-2025,South,Road,Standard,Carrier D,306.4,84,4.48,4.78,0.29,1858,1,9.43
SHP102136,18-07-2025,East,Road,Express,Carrier A,582.2,33,5.09,5.65,0.55,4913,1,7.7
SHP102137,09-01-2025,South,Rail,Fragile,Carrier C,521.8,68,6.66,7.09,0.43,2221,1,8.82
SHP102138,16-07-2025,East,Air,Express,Carrier D,579.2,144,2.99,1.55,0.00,12223,1,7.22
SHP102139,27-05-2025,West,Road,Standard,Carrier C,980.4,78,5.98,4.83,0.00,7255,1,8.7
SHP102140,13-09-2025,South,Road,Express,Carrier B,1310,48,6.71,6.71,0.00,10541,1,6.34
SHP102141,16-11-2025,South,Air,Standard,Carrier E,796.3,86,3.47,2.67,0.00,11762,1,7.85
SHP102142,18-12-2025,East,Road,Bulk,Carrier A,1352.7,24,6.81,5.12,0.00,6734,1,7.82
SHP102143,11-08-2025,South,Road,Standard,Carrier E,529.6,35,4.98,5.52,0.55,3269,1,8.21
SHP102144,13-05-2025,South,Rail,Bulk,Carrier D,1465.6,46,8.76,7.85,0.00,4008,1,9.42
SHP102145,12-06-2025,East,Road,Standard,Carrier B,804.3,101,5.59,7.01,1.43,5600,0,6.24
SHP102146,06-03-2025,North,Road,Standard,Carrier A,1241.4,79,6.56,6.73,0.17,7980,1,7.33
SHP102147,08-12-2025,North,Road,Standard,Carrier E,536.5,85,4.99,5.10,0.11,3050,1,8.55
SHP102148,06-11-2025,South,Sea,Standard,Carrier C,781.5,59,10.24,10.40,0.16,2251,1,8.59
SHP102149,08-11-2025,East,Road,Standard,Carrier E,2313,36,8.94,8.33,0.00,12730,1,6.7
SHP102150,30-04-2025,North,Rail,Fragile,Carrier E,777.8,159,7.23,7.03,0.00,3965,1,8.8
SHP102151,28-04-2025,South,Sea,Fragile,Carrier A,1303,38,11.40,11.55,0.15,4545,1,8.54
SHP102152,09-11-2025,North,Rail,Standard,Carrier D,1402.2,79,8.62,7.70,0.00,5393,1,8.76
SHP102153,18-07-2025,South,Road,Express,Carrier B,1074.3,56,6.19,6.41,0.22,7602,1,7.41
SHP102154,15-09-2025,North,Road,Bulk,Carrier E,1192.8,87,6.45,6.50,0.05,5776,1,7.86
SHP102155,28-06-2025,South,Road,Fragile,Carrier B,537.6,41,4.99,3.78,0.00,4281,1,8.62
SHP102156,11-06-2025,South,Rail,Standard,Carrier A,429.6,120,6.45,5.91,0.00,1696,1,8.98
SHP102157,19-08-2025,North,Sea,Standard,Carrier D,371.3,148,9.33,9.84,0.52,1045,1,8.46
SHP102158,24-10-2025,Central,Air,Bulk,Carrier C,952.1,115,3.82,3.60,0.00,11892,1,7.03
SHP102159,02-05-2025,South,Road,Standard,Carrier C,763.8,67,5.50,6.06,0.56,5610,1,7.95
SHP102160,23-10-2025,South,Road,Standard,Carrier B,911.6,45,5.83,6.59,0.76,5800,1,6.96
SHP102161,31-03-2025,Central,Sea,Fragile,Carrier C,331.7,378,9.24,12.65,3.41,1461,0,4.82
SHP102162,28-05-2025,Central,Road,Standard,Carrier E,474.3,32,4.85,6.48,1.62,2791,0,6.74
SHP102163,30-11-2025,West,Sea,Fragile,Carrier D,1281,107,11.35,9.81,0.00,4822,1,8.58
SHP102164,15-12-2025,South,Road,Standard,Carrier E,839.5,75,5.67,5.35,0.00,4106,1,9.37
SHP102165,04-12-2025,North,Air,Express,Carrier B,808,58,3.50,2.89,0.00,14563,1,6.25
SHP102166,26-04-2025,South,Air,Bulk,Carrier E,646.3,68,3.14,3.90,0.76,8471,1,5.72
SHP102167,04-11-2025,South,Road,Bulk,Carrier B,446.9,43,4.79,3.82,0.00,2629,1,8.64
SHP102168,08-12-2025,North,Road,Bulk,Carrier E,1495.2,80,7.12,6.91,0.00,7249,1,7.56
SHP102169,24-12-2025,West,Sea,Bulk,Carrier E,1647.2,74,12.16,10.73,0.00,4677,1,6.96
SHP102170,08-01-2025,North,Road,Standard,Carrier A,784,344,5.54,5.25,0.00,4833,1,9.55
SHP102171,29-09-2025,West,Road,Bulk,Carrier E,689.1,121,5.33,4.68,0.00,2378,1,9.31
SHP102172,30-12-2025,North,Road,Bulk,Carrier D,1720.2,84,7.62,7.66,0.04,9386,1,8.15
SHP102173,07-10-2025,North,Road,Standard,Carrier D,483.4,88,4.87,3.91,0.00,3082,1,8.73
SHP102174,27-03-2025,East,Rail,Standard,Carrier C,559.7,199,6.74,8.57,1.83,2387,0,6.95
SHP102175,06-10-2025,Central,Road,Standard,Carrier B,1244.6,32,6.57,7.41,0.84,7753,1,6.82
SHP102176,08-02-2025,North,Road,Express,Carrier E,553.7,54,5.03,3.06,0.00,4533,1,9.09
SHP102177,25-06-2025,West,Sea,Express,Carrier A,756.1,17,10.18,9.51,0.00,2810,1,9.04
SHP102178,17-08-2025,South,Road,Standard,Carrier E,174.4,87,4.19,2.49,0.00,1152,1,9.19
SHP102179,16-06-2025,South,Road,Standard,Carrier B,1671,105,7.51,9.16,1.64,9459,0,5.79
SHP102180,13-09-2025,East,Rail,Express,Carrier D,1181.3,32,8.13,9.98,1.86,5704,0,6.94
SHP102181,29-03-2025,South,Sea,Standard,Carrier C,1432.8,153,11.68,11.72,0.04,3525,1,8.86
SHP102182,10-08-2025,North,Rail,Bulk,Carrier B,404.8,38,6.40,5.82,0.00,1197,1,8.63
SHP102183,24-08-2025,North,Air,Standard,Carrier B,1891.3,48,5.90,5.54,0.00,27071,1,5.07
SHP102184,20-08-2025,South,Road,Standard,Carrier B,712.7,65,5.38,4.96,0.00,3298,1,9.12
SHP102185,16-04-2025,South,Road,Standard,Carrier E,1508.5,170,7.15,7.13,0.00,7355,1,8.09
SHP102186,22-04-2025,North,Sea,Bulk,Carrier D,936.1,35,10.58,12.56,1.98,2237,0,6.53
SHP102187,05-04-2025,Central,Sea,Bulk,Carrier D,1214.7,73,11.20,12.60,1.40,3035,0,6.56
SHP102188,18-06-2025,West,Rail,Standard,Carrier D,980.9,100,7.68,8.80,1.12,3607,0,7.46
SHP102189,02-08-2025,North,Road,Standard,Carrier C,551,87,5.02,5.62,0.60,2561,1,7.56
SHP102190,13-05-2025,South,Road,Standard,Carrier E,252.3,89,4.36,3.13,0.00,1784,1,8.96
SHP102191,30-05-2025,West,Road,Standard,Carrier B,1579.3,99,7.31,6.42,0.00,8050,1,7.69
SHP102192,15-04-2025,South,Sea,Express,Carrier E,133.4,42,8.80,8.27,0.00,510,1,9.86
SHP102193,21-03-2025,West,Air,Standard,Carrier B,1297.3,181,4.58,3.20,0.00,16763,1,7.46
SHP102194,28-08-2025,East,Road,Standard,Carrier B,1578.1,56,7.31,8.36,1.05,10392,0,5.73
SHP102195,25-10-2025,North,Road,Standard,Carrier C,294.1,51,4.45,5.78,1.33,1833,0,7.43
SHP102196,17-04-2025,North,Road,Standard,Carrier D,571,145,5.07,6.10,1.03,3336,0,7.39
SHP102197,11-11-2025,South,Road,Standard,Carrier D,272.8,40,4.41,5.09,0.68,1572,1,8.54
SHP102198,28-07-2025,South,Air,Standard,Carrier D,499.2,74,2.81,0.76,0.00,7454,1,8.21
SHP102199,03-03-2025,North,Rail,Standard,Carrier A,1418.6,38,8.65,10.59,1.93,4668,0,5.99
SHP102200,14-05-2025,Central,Road,Standard,Carrier A,1206.2,310,6.48,4.98,0.00,7853,1,8.14
SHP102201,03-01-2025,South,Rail,Standard,Carrier E,1108.8,271,7.96,7.89,0.00,4471,1,8.54
SHP102202,15-01-2025,West,Sea,Bulk,Carrier E,573.6,56,9.77,10.49,0.71,1551,1,9.13
SHP102203,03-05-2025,West,Road,Standard,Carrier A,141.1,85,4.11,4.53,0.41,1002,1,8.28
SHP102204,15-06-2025,South,Road,Standard,Carrier E,322.2,61,4.52,3.15,0.00,1858,1,9.23
SHP102205,19-10-2025,South,Road,Standard,Carrier B,646.3,48,5.24,4.07,0.00,3025,1,9.18
SHP102206,19-02-2025,North,Road,Fragile,Carrier E,369.6,65,4.62,5.70,1.08,2649,0,7.85
SHP102207,03-11-2025,West,Road,Bulk,Carrier E,1305.8,59,6.70,7.29,0.59,5687,1,7.55
SHP102208,27-03-2025,North,Rail,Fragile,Carrier D,1927.4,22,9.78,9.26,0.00,8787,1,8.69
SHP102209,20-02-2025,East,Road,Express,Carrier A,931.6,72,5.87,6.32,0.45,7178,1,6.49
SHP102210,13-09-2025,Central,Road,Fragile,Carrier D,291.7,59,4.45,3.36,0.00,2040,1,8.46
SHP102211,10-10-2025,East,Sea,Standard,Carrier A,1614.5,74,12.09,13.51,1.42,4082,0,7.31
SHP102212,09-08-2025,Central,Road,Bulk,Carrier B,808.5,57,5.60,4.88,0.00,4582,1,8.15
SHP102213,12-02-2025,East,Rail,Fragile,Carrier D,740.8,48,7.15,8.29,1.14,3289,0,6.91
SHP102214,12-02-2025,East,Rail,Standard,Carrier A,1052.2,107,7.84,8.44,0.60,4945,1,7.57
SHP102215,23-05-2025,East,Sea,Standard,Carrier B,331.3,85,9.24,11.27,2.03,1054,0,6.25
SHP102216,14-06-2025,East,Air,Standard,Carrier D,579.8,150,2.99,3.97,0.98,9023,1,7.02
SHP102217,31-12-2025,East,Sea,Standard,Carrier A,708.8,83,10.08,10.09,0.01,2107,1,9.53
SHP102218,15-04-2025,Central,Rail,Fragile,Carrier B,882.2,53,7.46,8.52,1.06,4205,0,7.42
SHP102219,12-03-2025,North,Road,Standard,Carrier A,938.8,90,5.89,8.75,2.86,6230,0,5.36
SHP102220,12-12-2025,West,Road,Express,Carrier D,1051.1,17,6.14,6.29,0.15,9159,1,6.92
SHP102221,26-02-2025,West,Road,Bulk,Carrier A,508.1,237,4.93,4.86,0.00,2307,1,9.06
SHP102222,10-01-2025,East,Road,Standard,Carrier B,221.4,72,4.29,4.03,0.00,1548,1,9.88
SHP102223,04-06-2025,North,Road,Standard,Carrier C,642.1,250,5.23,4.92,0.00,4305,1,9.22
SHP102224,27-05-2025,East,Road,Express,Carrier B,694.4,34,5.34,6.13,0.78,5530,1,8.29
SHP102225,15-08-2025,East,Road,Fragile,Carrier B,215.2,29,4.28,4.31,0.03,1842,1,8.73
SHP102226,17-11-2025,Central,Road,Standard,Carrier E,490.2,77,4.89,5.19,0.30,3467,1,8.95
SHP102227,07-12-2025,South,Road,Standard,Carrier D,832.3,76,5.65,7.40,1.75,5375,0,6.08
SHP102228,16-04-2025,East,Air,Express,Carrier A,541.1,75,2.90,3.08,0.17,10127,1,7.82
SHP102229,24-12-2025,East,Rail,Bulk,Carrier E,811.3,68,7.30,6.76,0.00,2344,1,9.73
SHP102230,19-08-2025,Central,Air,Standard,Carrier C,525.9,40,2.87,5.67,2.80,8258,0,4.08
SHP102231,26-01-2025,Central,Road,Standard,Carrier A,1099.3,23,6.24,8.57,2.33,7288,0,4.26
SHP102232,09-12-2025,West,Sea,Bulk,Carrier E,389,73,9.36,9.94,0.58,906,1,9.54
SHP102233,20-02-2025,West,Air,Standard,Carrier B,746.8,26,3.36,4.83,1.47,12061,0,5.82
SHP102234,03-08-2025,South,Road,Standard,Carrier B,770,25,5.51,5.30,0.00,4406,1,8.61
SHP102235,16-10-2025,Central,Sea,Express,Carrier A,1275,47,11.33,11.77,0.43,3987,1,8.1
SHP102236,02-04-2025,South,Road,Standard,Carrier E,599.7,80,5.13,4.75,0.00,3763,1,7.62
SHP102237,09-04-2025,East,Rail,Standard,Carrier B,1911,220,9.75,8.89,0.00,7951,1,8.19
SHP102238,23-06-2025,East,Air,Express,Carrier C,1866.9,114,5.85,8.83,2.98,35450,0,1
SHP102239,19-11-2025,North,Road,Express,Carrier B,406,153,4.70,2.78,0.00,3168,1,8.9
SHP102240,23-03-2025,South,Rail,Standard,Carrier E,733,92,7.13,7.57,0.44,3363,1,8.3
SHP102241,31-08-2025,South,Road,Standard,Carrier D,311.4,77,4.49,4.92,0.43,1840,1,6.7
SHP102242,15-06-2025,East,Road,Express,Carrier C,1000.9,308,6.02,6.62,0.59,9150,1,7.4
SHP102243,10-02-2025,West,Road,Express,Carrier B,536.2,26,4.99,4.19,0.00,3602,1,8.9
SHP102244,17-09-2025,South,Road,Fragile,Carrier D,801.5,46,5.58,5.94,0.36,5962,1,8.14
SHP102245,31-10-2025,East,Road,Fragile,Carrier C,631.4,49,5.20,6.41,1.21,4718,0,7
SHP102246,30-07-2025,South,Rail,Express,Carrier E,3000,108,12.17,12.12,0.00,16426,1,6.69
SHP102247,06-03-2025,Central,Road,Bulk,Carrier D,678.9,32,5.31,5.61,0.30,3954,1,8.46
SHP102248,26-02-2025,North,Road,Fragile,Carrier A,641.2,99,5.22,5.90,0.67,4312,1,7.99
SHP102249,04-06-2025,South,Rail,Standard,Carrier E,1326.4,88,8.45,7.03,0.00,5320,1,8.77
SHP102250,04-07-2025,South,Road,Bulk,Carrier A,1443.9,102,7.01,9.42,2.42,6424,0,5.47
SHP102251,21-07-2025,West,Road,Bulk,Carrier B,875.9,101,5.75,6.36,0.62,3890,1,9
SHP102252,30-03-2025,North,Air,Standard,Carrier C,1468.6,164,4.96,5.60,0.64,20337,1,4.81
SHP102253,02-07-2025,East,Sea,Standard,Carrier B,2866.8,58,14.87,14.85,0.00,8471,1,7.78
SHP102254,18-04-2025,North,Road,Express,Carrier E,610,85,5.16,3.70,0.00,5758,1,9.37
SHP102255,08-09-2025,North,Road,Standard,Carrier E,335.9,37,4.55,5.94,1.39,2348,0,7.19
SHP102256,18-10-2025,South,Air,Express,Carrier A,953.3,32,3.82,3.03,0.00,18055,1,6.9
SHP102257,27-08-2025,South,Sea,Standard,Carrier B,1385.3,190,11.58,12.39,0.81,4265,1,7.75
SHP102258,01-01-2025,Central,Road,Standard,Carrier B,1817.3,36,7.84,6.58,0.00,11577,1,7.35
SHP102259,29-12-2025,South,Road,Standard,Carrier D,1061.9,92,6.16,8.04,1.88,6724,0,6.47
SHP102260,09-01-2025,Central,Road,Bulk,Carrier C,758.5,85,5.49,6.82,1.34,3857,0,7.37
SHP102261,31-12-2025,North,Rail,Standard,Carrier D,446,130,6.49,6.80,0.31,1828,1,7.87
SHP102262,12-01-2025,South,Sea,Express,Carrier A,1583.3,21,12.02,11.96,0.00,5955,1,8.5
SHP102263,08-07-2025,South,Rail,Standard,Carrier C,904.6,108,7.51,8.46,0.95,3406,1,7.09
SHP102264,08-02-2025,South,Road,Standard,Carrier B,224.9,58,4.30,2.86,0.00,1306,1,9.88
SHP102265,04-02-2025,East,Rail,Standard,Carrier B,2309.8,41,10.63,13.26,2.63,8521,0,5.66
SHP102266,07-09-2025,West,Sea,Standard,Carrier D,349.5,51,9.28,9.83,0.56,991,1,9.57
SHP102267,23-09-2025,North,Road,Express,Carrier A,1401.3,118,6.91,5.80,0.00,9862,1,7.95
SHP102268,13-02-2025,West,Air,Express,Carrier A,858.5,97,3.61,1.65,0.00,18364,1,6.09
SHP102269,23-12-2025,West,Road,Standard,Carrier C,236,56,4.32,5.46,1.14,1511,0,7.91
SHP102270,27-04-2025,Central,Road,Standard,Carrier D,703.5,29,5.36,5.91,0.54,4889,1,7.39
SHP102271,27-04-2025,Central,Rail,Express,Carrier C,611.2,30,6.86,7.01,0.15,3224,1,9.96
SHP102272,19-04-2025,West,Road,Express,Carrier A,272.7,98,4.41,3.74,0.00,2214,1,9.69
SHP102273,18-06-2025,East,Sea,Standard,Carrier D,999.3,26,10.72,10.27,0.00,2649,1,9.13
SHP102274,06-03-2025,East,Road,Fragile,Carrier B,1282.1,56,6.65,8.28,1.63,9174,0,6.38
SHP102275,05-06-2025,North,Road,Standard,Carrier D,734.9,345,5.43,5.61,0.17,5183,1,8.05
SHP102276,18-03-2025,East,Road,Standard,Carrier B,600.6,81,5.13,5.81,0.68,3491,1,7.36
SHP102277,19-01-2025,South,Road,Express,Carrier E,1047,98,6.13,8.26,2.13,7101,0,4.33
SHP102278,15-05-2025,East,Road,Express,Carrier B,117.6,30,4.06,5.06,1.00,877,1,8.05
SHP102279,03-09-2025,Central,Air,Fragile,Carrier E,557.6,27,2.94,4.65,1.72,9933,0,5.49
SHP102280,06-10-2025,South,Road,Standard,Carrier B,584.8,101,5.10,8.33,3.23,3828,0,5.01
SHP102281,09-05-2025,East,Road,Standard,Carrier D,750.2,50,5.47,6.61,1.14,3769,0,7.35
SHP102282,29-04-2025,Central,Rail,Express,Carrier C,261.7,129,6.08,5.82,0.00,1446,1,9.42
SHP102283,15-10-2025,South,Road,Standard,Carrier A,187.9,66,4.22,3.54,0.00,1239,1,9.64
SHP102284,06-09-2025,West,Rail,Standard,Carrier A,372.1,609,6.33,5.81,0.00,1887,1,8.28
SHP102285,31-10-2025,Central,Road,Express,Carrier C,989.7,44,6.00,3.25,0.00,7358,1,8.65
SHP102286,27-11-2025,Central,Road,Standard,Carrier A,578.4,78,5.09,6.29,1.21,3262,0,7.12
SHP102287,27-10-2025,South,Air,Standard,Carrier D,370.5,36,2.52,1.17,0.00,5489,1,8.77
SHP102288,08-12-2025,North,Air,Standard,Carrier A,2093.9,126,6.35,7.79,1.44,33951,0,2.51
SHP102289,02-06-2025,West,Sea,Bulk,Carrier C,600.3,86,9.83,9.78,0.00,1767,1,9.67
SHP102290,25-05-2025,South,Road,Standard,Carrier B,753.1,34,5.47,5.72,0.25,3936,1,8.51
SHP102291,28-04-2025,North,Road,Standard,Carrier A,1568.7,52,7.29,7.64,0.35,9004,1,7.56
SHP102292,27-03-2025,South,Air,Standard,Carrier B,823.6,157,3.53,5.22,1.69,9544,0,6.18
SHP102293,01-10-2025,South,Rail,Standard,Carrier C,1040.6,145,7.81,9.30,1.49,4093,0,6.03
SHP102294,18-09-2025,West,Rail,Standard,Carrier B,431.6,26,6.46,6.43,0.00,1731,1,8.59
SHP102295,20-10-2025,West,Rail,Express,Carrier B,779.2,48,7.23,5.50,0.00,4565,1,8.49
SHP102296,03-03-2025,West,Air,Standard,Carrier B,1933.7,210,6.00,7.06,1.06,23273,0,3.46
SHP102297,29-06-2025,East,Road,Standard,Carrier B,959.7,58,5.93,5.51,0.00,5033,1,8.41
SHP102298,23-03-2025,North,Rail,Standard,Carrier C,875,73,7.44,6.06,0.00,3391,1,8.66
SHP102299,22-11-2025,South,Road,Standard,Carrier E,639.3,126,5.22,5.89,0.67,3276,1,8.06
SHP102300,08-04-2025,South,Road,Standard,Carrier C,308.5,27,4.49,5.99,1.50,1864,0,7.18
SHP102301,22-02-2025,South,Rail,Express,Carrier C,1466.7,35,8.76,7.69,0.00,7842,1,8.68
SHP102302,28-07-2025,North,Road,Express,Carrier D,715.6,52,5.39,5.56,0.17,4999,1,8.68
SHP102303,17-11-2025,South,Road,Express,Carrier C,473,141,4.85,3.77,0.00,3987,1,8.7
SHP102304,01-12-2025,South,Sea,Standard,Carrier E,286.9,125,9.14,10.07,0.93,935,1,7.9
SHP102305,05-02-2025,South,Air,Bulk,Carrier C,903.5,103,3.71,5.07,1.36,12913,0,5.52
SHP102306,29-04-2025,West,Road,Express,Carrier B,341.8,59,4.56,3.56,0.00,2842,1,8.91
SHP102307,26-02-2025,West,Sea,Standard,Carrier C,1474.7,134,11.78,10.60,0.00,4068,1,10
SHP102308,23-04-2025,Central,Road,Standard,Carrier D,491.6,58,4.89,3.52,0.00,2615,1,8.16
SHP102309,14-07-2025,East,Air,Fragile,Carrier B,790.1,94,3.46,5.57,2.11,14724,0,3.79
SHP102310,13-04-2025,West,Road,Standard,Carrier B,948,116,5.91,4.60,0.00,6375,1,7.75
SHP102311,25-01-2025,South,Road,Standard,Carrier C,880.9,194,5.76,6.29,0.53,5122,1,8.03
SHP102312,06-07-2025,West,Road,Express,Carrier E,1284.7,62,6.65,6.85,0.19,9725,1,7.66
SHP102313,20-01-2025,South,Road,Standard,Carrier B,521.9,51,4.96,4.48,0.00,2893,1,8.6
SHP102314,24-03-2025,North,Road,Bulk,Carrier C,756.4,149,5.48,5.69,0.21,4578,1,8.87
SHP102315,01-01-2025,North,Road,Standard,Carrier D,1076,157,6.19,7.74,1.55,5253,0,6.79
SHP102316,01-02-2025,North,Rail,Standard,Carrier D,1821.3,45,9.55,9.02,0.00,7692,1,8.63
SHP102317,09-06-2025,South,Road,Standard,Carrier A,1228.9,31,6.53,5.58,0.00,6885,1,8.91
SHP102318,07-11-2025,West,Road,Standard,Carrier B,1372.1,142,6.85,6.58,0.00,8122,1,6.87
SHP102319,10-10-2025,East,Sea,Bulk,Carrier E,610.3,22,9.86,12.03,2.17,1439,0,6.83
SHP102320,06-02-2025,East,Rail,Fragile,Carrier E,959.4,21,7.63,10.53,2.90,4459,0,4.32
SHP102321,13-01-2025,West,Sea,Bulk,Carrier D,1662.6,54,12.19,12.08,0.00,3809,1,8.9
SHP102322,04-05-2025,West,Road,Standard,Carrier A,732.6,64,5.43,4.61,0.00,4818,1,8.56
SHP102323,27-08-2025,South,Road,Standard,Carrier C,963,30,5.94,7.26,1.32,6261,0,6.69
SHP102324,30-09-2025,East,Rail,Standard,Carrier A,244.9,70,6.04,4.82,0.00,943,1,8.58
SHP102325,28-10-2025,West,Rail,Standard,Carrier B,1140.9,72,8.04,8.32,0.28,4629,1,8.84
SHP102326,05-05-2025,South,Road,Bulk,Carrier E,869.2,44,5.73,5.78,0.05,4274,1,7.92
SHP102327,03-03-2025,North,Sea,Standard,Carrier B,1094.6,226,10.93,12.82,1.89,3432,0,6.88
SHP102328,10-01-2025,Central,Rail,Standard,Carrier A,619.7,80,6.88,8.78,1.90,2780,0,5.77
SHP102329,23-02-2025,West,Air,Standard,Carrier D,209,126,2.16,1.08,0.00,3080,1,8.88
SHP102330,24-01-2025,North,Road,Fragile,Carrier D,1174.3,23,6.41,7.35,0.94,9122,1,7.69
SHP102331,11-11-2025,West,Rail,Standard,Carrier D,470.2,23,6.54,5.89,0.00,1862,1,10
SHP102332,08-04-2025,North,Road,Express,Carrier E,262.8,81,4.38,3.75,0.00,2143,1,8.15
SHP102333,28-10-2025,North,Sea,Express,Carrier D,832,201,10.35,10.76,0.41,3570,1,7.91
SHP102334,21-07-2025,North,Road,Fragile,Carrier D,1965.1,31,8.17,8.53,0.36,14303,1,6.27
SHP102335,16-07-2025,North,Road,Standard,Carrier E,424.8,66,4.74,5.37,0.62,2296,1,9.48
SHP102336,15-06-2025,West,Road,Standard,Carrier B,482.9,27,4.87,5.97,1.10,2673,0,7.54
SHP102337,27-10-2025,South,Rail,Standard,Carrier C,1210.7,38,8.19,10.03,1.84,4052,0,7.01
SHP102338,16-01-2025,East,Sea,Bulk,Carrier C,657.6,68,9.96,10.99,1.03,1618,0,8.01
SHP102339,03-02-2025,North,Sea,Bulk,Carrier D,1171.8,44,11.10,11.64,0.54,3267,1,7.53
SHP102340,04-06-2025,West,Rail,Express,Carrier C,635,26,6.91,4.94,0.00,3384,1,7.81
SHP102341,24-05-2025,West,Sea,Standard,Carrier C,571.2,25,9.77,11.59,1.82,1405,0,6.55
SHP102342,19-07-2025,West,Air,Standard,Carrier A,438.7,18,2.67,3.24,0.57,6205,1,8.93
SHP102343,27-09-2025,West,Road,Express,Carrier D,917.7,82,5.84,5.30,0.00,7436,1,8.3
SHP102344,03-08-2025,Central,Rail,Standard,Carrier A,436.8,89,6.47,6.87,0.40,1913,1,9.16
SHP102345,04-04-2025,West,Road,Express,Carrier C,549.1,89,5.02,4.73,0.00,4158,1,7.93
SHP102346,30-04-2025,East,Road,Fragile,Carrier C,1460.3,33,7.05,8.98,1.94,9117,0,5.28
SHP102347,02-10-2025,East,Road,Standard,Carrier D,2481.2,116,9.31,11.04,1.73,14405,0,5.27
SHP102348,15-03-2025,South,Road,Standard,Carrier C,990.9,96,6.00,7.95,1.95,6189,0,5.33
SHP102349,04-07-2025,North,Sea,Standard,Carrier A,1495,61,11.82,12.50,0.68,4335,1,7.79
SHP102350,16-07-2025,North,Sea,Standard,Carrier C,592.4,54,9.82,12.23,2.42,1555,0,5.64
SHP102351,01-10-2025,South,Road,Express,Carrier B,644.8,40,5.23,5.85,0.62,5968,1,8.09
SHP102352,18-09-2025,North,Rail,Standard,Carrier B,856.7,68,7.40,7.73,0.33,3243,1,8.67
SHP102353,19-06-2025,North,Road,Standard,Carrier B,474.9,173,4.86,3.34,0.00,2968,1,9.28
SHP102354,23-04-2025,West,Road,Standard,Carrier A,566,126,5.06,5.16,0.10,3307,1,9.2
SHP102355,15-05-2025,South,Road,Standard,Carrier E,1147.2,51,6.35,8.24,1.89,7468,0,5.66
SHP102356,31-05-2025,East,Road,Express,Carrier B,767.6,86,5.51,4.61,0.00,6452,1,8.88
SHP102357,22-03-2025,North,Road,Express,Carrier C,688.9,29,5.33,5.13,0.00,5621,1,8.14
SHP102358,17-08-2025,East,Road,Standard,Carrier E,667.7,97,5.28,6.17,0.89,3573,1,8.04
SHP102359,18-03-2025,South,Road,Standard,Carrier B,373.9,35,4.63,5.81,1.18,2451,0,6.43
SHP102360,25-08-2025,North,Road,Standard,Carrier E,836.8,95,5.66,5.61,0.00,5372,1,8.09
SHP102361,02-10-2025,South,Sea,Standard,Carrier C,475.1,416,9.56,8.66,0.00,2190,1,10
SHP102362,18-12-2025,West,Road,Standard,Carrier E,243.3,42,4.34,5.00,0.66,1483,1,8.67
SHP102363,13-02-2025,North,Road,Bulk,Carrier C,339.9,403,4.56,4.10,0.00,2531,1,9.31
SHP102364,05-10-2025,Central,Road,Standard,Carrier A,675.8,83,5.30,3.49,0.00,3956,1,8.29
SHP102365,01-02-2025,North,Road,Standard,Carrier E,1090.2,37,6.22,8.74,2.52,7815,0,4.35
SHP102366,04-05-2025,West,Road,Standard,Carrier E,1269.6,36,6.62,7.69,1.07,7036,0,6.75
SHP102367,06-03-2025,South,Road,Fragile,Carrier E,288.9,281,4.44,7.06,2.62,2277,0,5.71
SHP102368,01-03-2025,West,Rail,Standard,Carrier A,1024.2,83,7.78,8.78,1.01,3827,0,8.56
SHP102369,06-03-2025,North,Rail,Bulk,Carrier E,2037.4,42,10.03,11.21,1.18,6218,0,7.45
SHP102370,17-01-2025,North,Rail,Standard,Carrier B,1308.8,53,8.41,9.23,0.82,5533,1,7.51
SHP102371,28-10-2025,South,Rail,Fragile,Carrier E,816.7,80,7.31,7.55,0.24,3322,1,8.59
SHP102372,23-01-2025,South,Road,Express,Carrier E,859.1,60,5.71,5.70,0.00,6431,1,8.75
SHP102373,26-05-2025,South,Road,Standard,Carrier A,802.1,76,5.58,5.05,0.00,4815,1,7.87
SHP102374,13-09-2025,Central,Road,Standard,Carrier B,539.8,191,5.00,4.07,0.00,3790,1,7.71
SHP102375,28-12-2025,North,Road,Standard,Carrier B,1347.6,29,6.79,6.81,0.02,8408,1,8.39
SHP102376,08-11-2025,South,Road,Fragile,Carrier B,395.4,92,4.68,6.61,1.94,3412,0,6.45
SHP102377,20-02-2025,Central,Road,Bulk,Carrier C,843.8,58,5.68,4.56,0.00,4455,1,7.94
SHP102378,27-12-2025,South,Rail,Standard,Carrier C,240.5,44,6.03,4.74,0.00,965,1,8.09
SHP102379,27-08-2025,North,Road,Standard,Carrier D,1422.9,121,6.96,8.04,1.08,9069,0,7.03
SHP102380,07-03-2025,East,Road,Standard,Carrier D,822.6,23,5.63,5.85,0.22,4152,1,8.14
SHP102381,13-06-2025,Central,Rail,Standard,Carrier B,275.2,13,6.11,6.97,0.86,862,1,8.4
SHP102382,02-12-2025,East,Road,Express,Carrier A,1716.8,70,7.62,8.75,1.14,14863,0,5.35
SHP102383,24-05-2025,North,Air,Standard,Carrier D,708.7,55,3.27,4.21,0.93,10546,1,6.46
SHP102384,09-03-2025,Central,Sea,Standard,Carrier A,316.8,25,9.20,8.78,0.00,1010,1,8.91
SHP102385,16-11-2025,South,Sea,Bulk,Carrier A,2148.1,20,13.27,14.85,1.58,4766,0,6.59
SHP102386,14-12-2025,Central,Road,Express,Carrier D,636.1,212,5.21,5.67,0.45,5883,1,8.17
SHP102387,23-12-2025,East,Road,Fragile,Carrier B,443.5,82,4.79,5.87,1.08,3489,0,7.32
SHP102388,15-12-2025,Central,Rail,Standard,Carrier A,869.8,61,7.43,7.71,0.28,3280,1,8.33
SHP102389,15-11-2025,South,Rail,Bulk,Carrier B,341.6,251,6.26,6.79,0.53,1440,1,8.83
SHP102390,15-06-2025,South,Rail,Express,Carrier C,539.8,117,6.70,5.74,0.00,3032,1,9.27
SHP102391,12-03-2025,West,Road,Standard,Carrier E,1596.1,191,7.35,5.47,0.00,8624,1,7.34
SHP102392,14-08-2025,West,Road,Standard,Carrier E,646,28,5.24,6.10,0.86,3636,1,7.7
SHP102393,22-03-2025,West,Road,Bulk,Carrier D,987.2,27,5.99,6.79,0.79,5144,1,7.26
SHP102394,22-06-2025,Central,Road,Standard,Carrier E,1639.8,90,7.44,5.10,0.00,9197,1,7.87
SHP102395,28-08-2025,West,Road,Fragile,Carrier C,633.1,79,5.21,6.14,0.94,3929,1,8.36
SHP102396,12-12-2025,North,Sea,Express,Carrier C,431.3,136,9.46,11.18,1.72,1874,0,7.14
SHP102397,16-04-2025,North,Road,Fragile,Carrier E,1102.8,21,6.25,5.70,0.00,8492,1,9.18
SHP102398,02-04-2025,South,Rail,Express,Carrier B,308.5,95,6.19,5.50,0.00,1863,1,9.21
SHP102399,26-09-2025,South,Sea,Bulk,Carrier E,400.6,115,9.39,9.28,0.00,1209,1,9.11
SHP102400,03-01-2025,South,Road,Standard,Carrier E,270.3,111,4.40,6.41,2.01,1931,0,6.56
SHP102401,26-07-2025,East,Road,Standard,Carrier B,1568.6,46,7.29,9.27,1.99,10058,0,5.32
SHP102402,30-09-2025,East,Rail,Express,Carrier D,783.8,85,7.24,6.23,0.00,4073,1,8.9
SHP102403,21-07-2025,West,Road,Standard,Carrier D,1128.5,36,6.31,6.70,0.39,5236,1,7.49
SHP102404,21-05-2025,North,Road,Express,Carrier D,418.1,50,4.73,7.08,2.35,3702,0,5.72
SHP102405,30-10-2025,West,Air,Express,Carrier B,963.1,31,3.84,2.42,0.00,17234,1,6.13
SHP102406,16-05-2025,East,Air,Standard,Carrier E,984,37,3.89,4.57,0.69,12733,1,6.99
SHP102407,17-09-2025,Central,Air,Fragile,Carrier C,2141.4,52,6.46,7.70,1.24,33813,0,1.15
SHP102408,19-06-2025,West,Sea,Standard,Carrier A,1069.6,44,10.88,10.18,0.00,3778,1,8.86
SHP102409,10-01-2025,East,Road,Bulk,Carrier A,1267.8,37,6.62,9.35,2.73,6662,0,4.05
SHP102410,13-07-2025,West,Air,Standard,Carrier D,823.2,26,3.53,2.99,0.00,10744,1,7.85
SHP102411,19-01-2025,North,Rail,Express,Carrier C,125.7,216,5.78,3.88,0.00,853,1,9.04
SHP102412,06-12-2025,Central,Rail,Bulk,Carrier A,910.4,44,7.52,7.22,0.00,2968,1,7.91
SHP102413,08-08-2025,North,Air,Standard,Carrier C,672.7,75,3.19,4.35,1.15,10370,0,6.75
SHP102414,16-05-2025,North,Air,Standard,Carrier C,651.9,19,3.15,2.63,0.00,9735,1,6.39
SHP102415,27-06-2025,North,Sea,Standard,Carrier A,555.7,146,9.73,10.48,0.75,1702,1,8.16
SHP102416,15-08-2025,West,Road,Express,Carrier B,651.9,67,5.25,5.20,0.00,5412,1,8.88
SHP102417,05-04-2025,West,Rail,Standard,Carrier C,489.4,45,6.59,5.20,0.00,1741,1,9.87
SHP102418,16-04-2025,West,Road,Standard,Carrier D,1194.8,45,6.46,5.81,0.00,7699,1,7.23
SHP102419,02-06-2025,North,Rail,Bulk,Carrier D,377.2,106,6.34,7.14,0.80,1379,1,7.88
SHP102420,05-04-2025,South,Air,Standard,Carrier A,1972,9,6.08,6.99,0.91,26431,1,4.46
SHP102421,04-10-2025,Central,Air,Standard,Carrier D,1133.3,35,4.22,3.90,0.00,17624,1,7.1
SHP102422,07-02-2025,North,Road,Express,Carrier E,1391.4,56,6.89,6.77,0.00,11413,1,8.2
SHP102423,29-10-2025,Central,Road,Standard,Carrier A,395.5,55,4.68,4.65,0.00,2261,1,10
SHP102424,08-05-2025,South,Road,Standard,Carrier E,530.7,307,4.98,5.92,0.94,3873,1,7.3
SHP102425,24-07-2025,West,Road,Bulk,Carrier A,803,48,5.58,6.18,0.60,4303,1,8.14
SHP102426,27-02-2025,West,Road,Express,Carrier D,754.7,115,5.48,4.35,0.00,6760,1,8.08
SHP102427,21-05-2025,East,Sea,Standard,Carrier B,1135,196,11.02,12.27,1.25,3782,0,6.12
SHP102428,03-10-2025,South,Road,Fragile,Carrier D,756.6,93,5.48,5.46,0.00,5325,1,8.46
SHP102429,09-04-2025,Central,Sea,Standard,Carrier E,2036.2,39,13.02,13.85,0.83,4784,1,6.47
SHP102430,18-02-2025,West,Road,Standard,Carrier E,401.1,26,4.69,5.23,0.54,2413,1,8.03
SHP102431,10-07-2025,West,Air,Express,Carrier E,348.6,98,2.47,4.50,2.03,7169,0,4.86
SHP102432,01-03-2025,West,Rail,Standard,Carrier E,514.2,176,6.64,6.26,0.00,2172,1,9.28
SHP102433,25-04-2025,South,Rail,Standard,Carrier B,652.7,86,6.95,6.89,0.00,1857,1,8.66
SHP102434,14-06-2025,North,Rail,Bulk,Carrier C,1466.2,135,8.76,8.41,0.00,5141,1,7.56
SHP102435,25-07-2025,South,Rail,Standard,Carrier D,947,325,7.60,6.52,0.00,3643,1,9.27
SHP102436,22-08-2025,North,Sea,Standard,Carrier A,138.5,104,8.81,8.68,0.00,500,1,8.98
SHP102437,04-09-2025,West,Rail,Standard,Carrier C,146.2,30,5.82,6.59,0.76,687,1,8.09
SHP102438,05-11-2025,North,Road,Fragile,Carrier C,692,62,5.34,6.94,1.60,4853,0,6.06
SHP102439,25-01-2025,South,Road,Express,Carrier E,569.8,147,5.07,4.81,0.00,4952,1,9.21
SHP102440,13-05-2025,South,Rail,Bulk,Carrier A,705,51,7.07,6.83,0.00,2298,1,9.17
SHP102441,01-01-2025,South,Road,Standard,Carrier A,653,161,5.25,4.78,0.00,4292,1,8.35
SHP102442,04-01-2025,South,Road,Fragile,Carrier A,1857.8,58,7.93,7.32,0.00,13394,1,6.11
SHP102443,19-03-2025,West,Rail,Express,Carrier C,1333.3,75,8.46,7.12,0.00,6457,1,9.7
SHP102444,07-08-2025,South,Road,Standard,Carrier C,532,48,4.98,3.59,0.00,2894,1,10
SHP102445,23-11-2025,Central,Air,Standard,Carrier C,747.7,67,3.36,5.22,1.86,12642,0,5.76
SHP102446,10-10-2025,South,Air,Fragile,Carrier B,619.1,69,3.08,5.64,2.56,11528,0,3.89
SHP102447,24-08-2025,South,Air,Standard,Carrier B,181.6,21,2.10,0.50,0.00,2880,1,8.64
SHP102448,12-10-2025,Central,Air,Express,Carrier C,548.3,45,2.92,2.85,0.00,11212,1,7.75
SHP102449,04-03-2025,North,Sea,Standard,Carrier A,553.3,27,9.73,10.44,0.71,1741,1,7.73
SHP102450,03-11-2025,North,Rail,Standard,Carrier D,476.6,46,6.56,7.20,0.64,1687,1,7.77
SHP102451,21-11-2025,Central,Sea,Bulk,Carrier A,537.8,36,9.70,9.31,0.00,1359,1,9.98
SHP102452,04-02-2025,Central,Road,Fragile,Carrier D,626.9,116,5.19,7.02,1.83,4911,0,6.27
SHP102453,21-06-2025,East,Rail,Standard,Carrier C,995.1,117,7.71,8.88,1.17,4368,0,6.59
SHP102454,30-10-2025,South,Air,Express,Carrier E,501.8,87,2.82,3.40,0.59,12572,1,7.09
SHP102455,23-06-2025,West,Road,Standard,Carrier D,1600.1,26,7.36,6.51,0.00,9694,1,7.47
SHP102456,03-11-2025,Central,Road,Express,Carrier C,398,57,4.68,2.69,0.00,3002,1,7.81
SHP102457,08-12-2025,Central,Rail,Standard,Carrier D,1436.9,25,8.69,9.49,0.80,4716,1,6.99
SHP102458,23-06-2025,South,Road,Standard,Carrier A,898.8,55,5.80,4.79,0.00,4802,1,8.32
SHP102459,22-01-2025,North,Sea,Standard,Carrier A,329,92,9.23,10.84,1.61,991,0,7.34
SHP102460,05-05-2025,North,Road,Standard,Carrier C,616.6,115,5.17,3.12,0.00,2739,1,9.04
SHP102461,20-03-2025,South,Road,Standard,Carrier E,1900.7,82,8.02,7.58,0.00,10386,1,8.34
SHP102462,23-06-2025,West,Rail,Standard,Carrier E,403,137,6.40,5.69,0.00,1762,1,8.98
SHP102463,02-08-2025,South,Road,Bulk,Carrier B,1933.3,71,8.10,7.81,0.00,9794,1,7.51
SHP102464,19-06-2025,North,Road,Standard,Carrier B,1012.5,52,6.05,6.75,0.70,5789,1,8.24
SHP102465,13-03-2025,South,Rail,Standard,Carrier E,908.4,106,7.52,8.07,0.56,2937,1,8.75
SHP102466,20-04-2025,North,Road,Standard,Carrier C,976.4,109,5.97,7.11,1.14,6462,0,6.79
SHP102467,06-09-2025,South,Road,Express,Carrier A,606.6,43,5.15,5.42,0.27,5066,1,8.38
SHP102468,10-01-2025,North,Rail,Standard,Carrier B,414.7,77,6.42,6.62,0.20,1625,1,8.61
SHP102469,20-03-2025,South,Rail,Standard,Carrier E,769.2,50,7.21,9.73,2.53,2329,0,5.22
SHP102470,22-11-2025,Central,Air,Express,Carrier E,929,16,3.76,4.96,1.20,17320,0,6.23
SHP102471,06-02-2025,South,Road,Standard,Carrier E,1041.4,80,6.11,5.86,0.00,6382,1,8.04
SHP102472,01-06-2025,West,Road,Bulk,Carrier A,1016.3,26,6.06,5.90,0.00,5106,1,8.71
SHP102473,17-03-2025,South,Sea,Standard,Carrier E,1179.8,75,11.12,10.84,0.00,3506,1,7.98
SHP102474,08-02-2025,South,Rail,Express,Carrier A,2387.1,22,10.80,10.62,0.00,12774,1,7.68
SHP102475,04-06-2025,South,Road,Standard,Carrier E,880.5,38,5.76,4.74,0.00,5229,1,7.87
SHP102476,10-07-2025,South,Air,Express,Carrier E,1549.7,46,5.14,3.64,0.00,32395,1,4.92
SHP102477,06-03-2025,South,Road,Fragile,Carrier B,1065,132,6.17,4.12,0.00,7029,1,9.22
SHP102478,29-01-2025,North,Air,Standard,Carrier A,2541.4,43,7.35,7.29,0.00,32404,1,4.31
SHP102479,19-02-2025,West,Rail,Standard,Carrier D,802.8,30,7.28,8.51,1.22,3170,0,7.4
SHP102480,26-08-2025,South,Sea,Standard,Carrier A,748.3,76,10.16,10.09,0.00,2384,1,8.9
SHP102481,11-11-2025,North,Sea,Standard,Carrier C,1491,52,11.81,12.10,0.29,4479,1,8.27
SHP102482,07-03-2025,West,Road,Bulk,Carrier B,1492.1,101,7.12,7.44,0.32,7622,1,7.95
SHP102483,27-04-2025,South,Air,Express,Carrier C,639,31,3.12,1.37,0.00,12142,1,7.43
SHP102484,06-05-2025,North,Road,Express,Carrier E,1041.4,69,6.11,5.84,0.00,8464,1,8.53
SHP102485,12-05-2025,South,Rail,Bulk,Carrier E,1187.2,300,8.14,9.26,1.12,4464,0,6.75
SHP102486,31-03-2025,South,Rail,Fragile,Carrier C,1146.6,52,8.05,8.85,0.80,5504,1,8.32
SHP102487,21-01-2025,North,Road,Fragile,Carrier B,977.3,68,5.97,7.85,1.87,8779,0,5.36
SHP102488,11-07-2025,Central,Road,Standard,Carrier E,229.2,20,4.31,6.06,1.75,1249,0,6.59
SHP102489,11-05-2025,Central,Road,Standard,Carrier C,1156.8,35,6.37,7.43,1.06,8913,0,6.79
SHP102490,05-05-2025,Central,Road,Standard,Carrier A,1189.7,81,6.44,5.92,0.00,6136,1,8.61
SHP102491,07-04-2025,North,Road,Standard,Carrier E,1001.7,49,6.03,6.03,0.00,6131,1,7.42
SHP102492,06-12-2025,South,Sea,Standard,Carrier E,594.9,90,9.82,12.14,2.32,1590,0,5.97
SHP102493,11-08-2025,North,Road,Standard,Carrier B,1786.6,80,7.77,8.53,0.76,10816,1,5.45
SHP102494,02-06-2025,South,Air,Standard,Carrier A,409.5,26,2.61,2.92,0.31,6562,1,7.55
SHP102495,16-03-2025,South,Sea,Standard,Carrier A,1508.6,117,11.85,10.96,0.00,4473,1,8.31
SHP102496,20-10-2025,South,Air,Standard,Carrier C,406,27,2.60,2.60,0.00,6487,1,8.48
SHP102497,21-11-2025,North,Road,Standard,Carrier B,1397.3,37,6.91,8.13,1.22,7796,0,6.14
SHP102498,12-01-2025,North,Sea,Standard,Carrier D,418.3,70,9.43,9.85,0.42,1049,1,8.4
SHP102499,06-12-2025,South,Air,Standard,Carrier D,1348,167,4.70,4.20,0.00,21102,1,6.6
SHP102500,13-09-2025,East,Air,Express,Carrier A,2029,31,6.21,5.88,0.00,39904,1,3.88
SHP102501,06-02-2025,North,Sea,Express,Carrier E,2033.7,66,13.02,14.09,1.07,7408,0,6.32
SHP102502,02-10-2025,East,Rail,Standard,Carrier A,1767.9,67,9.43,10.90,1.47,6395,0,7.06
SHP102503,09-02-2025,South,Road,Standard,Carrier A,799.7,93,5.58,6.29,0.71,4952,1,7.9
SHP102504,19-01-2025,West,Sea,Standard,Carrier D,532,130,9.68,10.19,0.51,1530,1,7.55
SHP102505,12-02-2025,South,Road,Standard,Carrier D,721.2,46,5.40,4.14,0.00,4378,1,8.24
SHP102506,17-06-2025,North,Air,Standard,Carrier E,1440,116,4.90,5.61,0.71,23495,1,2.93
SHP102507,15-08-2025,South,Road,Bulk,Carrier C,1145.7,143,6.35,7.67,1.33,7040,0,6.74
SHP102508,29-05-2025,South,Road,Standard,Carrier C,2681.2,192,9.76,9.56,0.00,17961,1,5.81
SHP102509,14-02-2025,West,Road,Standard,Carrier D,566.5,84,5.06,6.18,1.12,3440,0,7.5
SHP102510,14-03-2025,South,Road,Express,Carrier D,2113.1,67,8.50,8.52,0.03,17106,1,7.93
SHP102511,08-11-2025,South,Sea,Standard,Carrier D,757.6,44,10.18,11.24,1.05,2084,0,8.61
SHP102512,18-12-2025,Central,Road,Standard,Carrier B,405,23,4.70,5.06,0.36,2284,1,8.15
SHP102513,03-10-2025,South,Air,Standard,Carrier E,957,50,3.83,4.95,1.12,15187,0,4.91
SHP102514,07-02-2025,West,Road,Bulk,Carrier B,1127.9,65,6.31,4.62,0.00,5547,1,9.19
SHP102515,27-10-2025,West,Sea,Standard,Carrier B,1669.8,56,12.21,12.25,0.04,4948,1,7.98
SHP102516,10-09-2025,South,Road,Express,Carrier B,565,89,5.06,5.28,0.22,4109,1,8.99
SHP102517,12-07-2025,North,Road,Fragile,Carrier B,956.8,23,5.93,7.02,1.09,7717,0,8.26
SHP102518,22-02-2025,South,Road,Standard,Carrier B,808.6,54,5.60,6.96,1.36,4636,0,7.3
SHP102519,30-12-2025,East,Rail,Express,Carrier C,637.6,221,6.92,6.74,0.00,3896,1,9.4
SHP102520,11-06-2025,South,Sea,Standard,Carrier D,1983.3,115,12.91,12.38,0.00,5329,1,9.1
SHP102521,17-01-2025,South,Sea,Standard,Carrier C,1137.9,90,11.03,9.24,0.00,3130,1,8.57
SHP102522,18-03-2025,North,Road,Standard,Carrier E,170.6,78,4.18,4.27,0.09,1263,1,9.24
SHP102523,27-05-2025,Central,Road,Bulk,Carrier C,966.6,48,5.95,6.84,0.89,4587,1,6.99
SHP102524,23-01-2025,East,Road,Standard,Carrier C,264.2,19,4.39,5.96,1.58,1309,0,7.92
SHP102525,29-04-2025,Central,Road,Standard,Carrier A,907.5,81,5.82,4.51,0.00,4880,1,7.99
SHP102526,20-06-2025,West,Rail,Bulk,Carrier E,294.8,12,6.16,7.51,1.35,1045,0,7.92
SHP102527,13-12-2025,West,Road,Standard,Carrier A,1141.1,49,6.34,5.22,0.00,7205,1,8.82
SHP102528,01-02-2025,North,Rail,Bulk,Carrier A,261.6,60,6.08,6.34,0.26,881,1,8.66
SHP102529,30-07-2025,Central,Sea,Express,Carrier E,420.2,45,9.43,8.38,0.00,1556,1,8.74
SHP102530,01-12-2025,West,Road,Express,Carrier C,1302,247,6.69,6.47,0.00,11160,1,7.45
SHP102531,22-10-2025,North,Road,Fragile,Carrier A,799.8,198,5.58,6.44,0.86,6815,1,6.7
SHP102532,04-12-2025,West,Road,Express,Carrier C,313,118,4.50,4.58,0.08,2642,1,8.95
SHP102533,04-03-2025,West,Road,Standard,Carrier C,1908.2,33,8.04,10.16,2.12,11733,0,4.29
SHP102534,20-10-2025,South,Road,Bulk,Carrier A,613.3,210,5.16,5.72,0.56,3695,1,7.62
SHP102535,24-12-2025,North,Rail,Bulk,Carrier D,681,90,7.01,6.75,0.00,2770,1,9.24
SHP102536,30-04-2025,North,Road,Bulk,Carrier D,721,33,5.40,6.33,0.93,3210,1,8.04
SHP102537,02-07-2025,East,Air,Express,Carrier A,1199.2,62,4.36,6.60,2.24,22011,0,2.77
SHP102538,13-07-2025,North,Sea,Standard,Carrier D,644.2,113,9.93,11.09,1.15,1804,0,6.75
SHP102539,30-06-2025,East,Sea,Standard,Carrier B,739.3,41,10.14,11.93,1.79,2287,0,7.43
SHP102540,16-04-2025,North,Rail,Standard,Carrier D,1572,66,8.99,7.56,0.00,5737,1,8.2
SHP102541,21-12-2025,East,Road,Standard,Carrier B,1454.9,74,7.03,8.18,1.14,8796,0,7.64
SHP102542,16-12-2025,South,Road,Express,Carrier B,710.6,30,5.38,4.47,0.00,5694,1,8.38
SHP102543,19-05-2025,Central,Road,Express,Carrier C,726.4,51,5.41,4.23,0.00,5735,1,8.52
SHP102544,21-10-2025,North,Sea,Standard,Carrier C,135.8,31,8.80,9.18,0.37,425,1,8.62
SHP102545,26-05-2025,South,Sea,Standard,Carrier B,897.4,106,10.49,10.72,0.22,2969,1,8.76
SHP102546,18-10-2025,South,Road,Express,Carrier E,1332.2,33,6.76,5.44,0.00,9485,1,9.73
SHP102547,02-08-2025,South,Road,Standard,Carrier D,622.4,73,5.18,5.50,0.32,3690,1,8.2
SHP102548,21-06-2025,North,Road,Bulk,Carrier C,1738.1,24,7.66,7.86,0.20,7668,1,8.57
SHP102549,16-02-2025,East,Road,Express,Carrier B,242.5,29,4.34,5.15,0.81,1993,1,8.11
SHP102550,27-08-2025,Central,Sea,Standard,Carrier C,439.6,28,9.48,10.04,0.56,1258,1,9.13
SHP102551,28-04-2025,West,Road,Standard,Carrier A,1655.5,50,7.48,7.91,0.43,10698,1,6.01
SHP102552,21-03-2025,West,Road,Express,Carrier E,1300.1,68,6.69,7.12,0.43,10258,1,8.23
SHP102553,12-03-2025,North,Road,Standard,Carrier A,232.9,76,4.32,5.36,1.04,1401,0,8.06
SHP102554,25-12-2025,East,Road,Fragile,Carrier D,263.5,19,4.39,5.43,1.04,1854,0,7.64
SHP102555,07-02-2025,East,Road,Standard,Carrier B,1152.1,54,6.36,4.66,0.00,7926,1,8.58
SHP102556,19-10-2025,North,Sea,Standard,Carrier D,1008.9,37,10.74,11.73,0.99,2451,1,7.83
SHP102557,13-11-2025,Central,Road,Standard,Carrier B,673.7,85,5.30,4.55,0.00,3805,1,8.13
SHP102558,12-01-2025,North,Rail,Express,Carrier A,1702,51,9.28,8.88,0.00,8625,1,6.63
SHP102559,04-08-2025,East,Road,Bulk,Carrier E,513.8,57,4.94,6.07,1.13,2458,0,8.59
SHP102560,30-07-2025,Central,Road,Bulk,Carrier D,176.4,37,4.19,6.02,1.83,969,0,6.82
SHP102561,11-05-2025,East,Road,Standard,Carrier A,1198.9,185,6.46,9.28,2.82,7208,0,4.34
SHP102562,01-09-2025,South,Road,Fragile,Carrier A,1365.5,26,6.83,6.23,0.00,9931,1,7.45
SHP102563,30-05-2025,West,Road,Standard,Carrier C,533.7,47,4.99,3.47,0.00,3230,1,9.67
SHP102564,10-06-2025,South,Road,Express,Carrier E,361.1,65,4.60,4.38,0.00,2872,1,8.65
SHP102565,07-06-2025,East,Air,Bulk,Carrier C,181.8,51,2.10,3.08,0.98,2022,1,8.19
SHP102566,20-10-2025,North,Air,Standard,Carrier A,790.1,37,3.46,2.47,0.00,11722,1,7.26
SHP102567,20-08-2025,West,Sea,Bulk,Carrier D,977.8,19,10.67,10.65,0.00,1960,1,8.38
SHP102568,19-05-2025,Central,Road,Standard,Carrier C,1426.6,38,6.97,7.96,0.99,7779,1,7.37
SHP102569,05-12-2025,South,Rail,Standard,Carrier D,1015.3,32,7.76,6.44,0.00,3977,1,9.34
SHP102570,20-10-2025,North,Rail,Standard,Carrier B,561.6,180,6.75,6.00,0.00,2511,1,8.61
SHP102571,07-12-2025,West,Road,Bulk,Carrier A,897.5,263,5.79,5.05,0.00,6010,1,8.38
SHP102572,24-09-2025,North,Road,Standard,Carrier A,1470.7,58,7.07,7.22,0.16,8243,1,7.88
SHP102573,23-05-2025,South,Road,Fragile,Carrier D,969.9,24,5.96,7.20,1.25,6308,0,7.03
SHP102574,10-10-2025,South,Air,Standard,Carrier D,1342.9,97,4.68,4.41,0.00,20596,1,7.05
SHP102575,01-05-2025,North,Road,Express,Carrier B,372.9,32,4.63,4.39,0.00,3516,1,8.64
SHP102576,09-04-2025,West,Road,Express,Carrier A,1170.7,42,6.40,8.28,1.88,10630,0,5.09
SHP102577,14-06-2025,West,Sea,Standard,Carrier D,1016.4,40,10.76,9.66,0.00,2586,1,8.87
SHP102578,20-12-2025,South,Road,Express,Carrier A,640,44,5.22,3.87,0.00,5021,1,8.04
SHP102579,27-07-2025,North,Sea,Express,Carrier A,1487.3,48,11.81,12.28,0.48,6176,1,6.82
SHP102580,21-05-2025,North,Air,Standard,Carrier C,2369,26,6.96,8.50,1.54,37564,0,1.29
SHP102581,18-06-2025,South,Sea,Standard,Carrier D,227.8,38,9.01,9.58,0.58,749,1,8.84
SHP102582,17-04-2025,East,Air,Standard,Carrier E,660.6,117,3.17,5.95,2.78,9336,0,4.37
SHP102583,29-08-2025,North,Road,Bulk,Carrier D,754.4,59,5.48,6.24,0.77,4033,1,7.74
SHP102584,08-05-2025,West,Rail,Express,Carrier E,790.6,65,7.26,4.28,0.00,4436,1,8.17
SHP102585,22-07-2025,Central,Air,Fragile,Carrier D,522,14,2.86,3.62,0.76,8395,1,7.19
SHP102586,15-05-2025,West,Air,Express,Carrier E,257.1,112,2.27,0.91,0.00,5923,1,8.51
SHP102587,28-04-2025,West,Road,Fragile,Carrier A,683,39,5.32,7.26,1.94,5375,0,6.34
SHP102588,21-12-2025,South,Road,Standard,Carrier A,758.2,125,5.48,6.69,1.21,4172,0,7.37
SHP102589,07-05-2025,South,Road,Standard,Carrier D,645.6,67,5.23,3.51,0.00,4221,1,8.91
SHP102590,26-01-2025,South,Road,Express,Carrier E,769.5,42,5.51,6.46,0.95,6596,1,7.83
SHP102591,19-05-2025,East,Rail,Standard,Carrier D,910.8,20,7.52,9.30,1.78,3676,0,6.88
SHP102592,14-07-2025,East,Sea,Standard,Carrier B,699.4,248,10.05,10.38,0.33,2703,1,8.81
SHP102593,04-02-2025,South,Air,Express,Carrier C,518,102,2.85,2.16,0.00,10286,1,6.73
SHP102594,22-04-2025,South,Rail,Bulk,Carrier A,772.3,106,7.22,8.92,1.70,2711,0,7.4
SHP102595,02-03-2025,North,Road,Express,Carrier B,954.8,197,5.92,3.35,0.00,5906,1,8.25
SHP102596,02-07-2025,West,Road,Standard,Carrier D,816,70,5.61,6.13,0.51,5341,1,7.91
SHP102597,21-09-2025,West,Road,Bulk,Carrier A,2464.9,145,9.28,10.53,1.26,13667,0,4.85
SHP102598,20-12-2025,West,Road,Standard,Carrier C,997.3,44,6.02,5.91,0.00,6617,1,9.45
SHP102599,23-05-2025,Central,Road,Standard,Carrier B,793.1,97,5.56,6.61,1.05,4371,0,6
SHP102600,12-11-2025,North,Road,Bulk,Carrier C,469.9,40,4.84,5.36,0.52,2613,1,9.13
SHP102601,20-03-2025,West,Road,Fragile,Carrier D,477.3,43,4.86,4.31,0.00,3796,1,9
SHP102602,12-10-2025,West,Rail,Bulk,Carrier E,646.5,64,6.94,6.01,0.00,2045,1,8.01
SHP102603,25-07-2025,North,Road,Fragile,Carrier C,659.4,26,5.27,6.83,1.57,5209,0,7.69
SHP102604,04-10-2025,Central,Road,Express,Carrier E,643.4,75,5.23,4.10,0.00,5332,1,8.79
SHP102605,03-10-2025,South,Road,Standard,Carrier D,1024.1,49,6.08,4.42,0.00,4971,1,7.27
SHP102606,14-07-2025,East,Rail,Standard,Carrier E,1458.1,17,8.74,9.58,0.84,5747,1,7.16
SHP102607,04-04-2025,East,Rail,Bulk,Carrier D,1201.5,45,8.17,8.28,0.11,3599,1,8.96
SHP102608,12-07-2025,Central,Road,Bulk,Carrier C,1117.3,48,6.28,5.20,0.00,4682,1,9.56
SHP102609,29-10-2025,West,Road,Standard,Carrier D,436.5,105,4.77,4.85,0.08,2712,1,8.62
SHP102610,21-12-2025,North,Sea,Standard,Carrier B,1590.2,73,12.03,13.32,1.28,4565,0,5.58
SHP102611,05-12-2025,East,Rail,Standard,Carrier D,463.3,155,6.53,7.25,0.72,2275,1,8.92
SHP102612,08-03-2025,East,Rail,Standard,Carrier D,940.3,85,7.59,7.06,0.00,3673,1,9.06
SHP102613,07-08-2025,West,Road,Bulk,Carrier D,1076,42,6.19,6.75,0.55,5840,1,6.51
SHP102614,08-02-2025,East,Air,Standard,Carrier A,1618.3,58,5.30,7.19,1.89,24763,0,3.1
SHP102615,02-09-2025,South,Sea,Standard,Carrier C,2199.1,48,13.39,16.03,2.64,6826,0,5.2
SHP102616,29-12-2025,West,Road,Bulk,Carrier D,629.3,83,5.20,6.86,1.66,3032,0,6.64
SHP102617,20-01-2025,Central,Rail,Standard,Carrier A,892.4,63,7.48,6.63,0.00,3440,1,8.37
SHP102618,28-08-2025,North,Road,Standard,Carrier D,1530.1,40,7.20,8.59,1.39,8792,0,5.87
SHP102619,12-12-2025,North,Rail,Standard,Carrier E,2313,61,10.64,11.34,0.70,9193,1,6.82
SHP102620,06-11-2025,Central,Road,Standard,Carrier C,673.2,81,5.30,4.27,0.00,4076,1,8.92
SHP102621,24-05-2025,East,Road,Standard,Carrier E,451.1,31,4.80,5.83,1.03,2497,0,8.13
SHP102622,07-02-2025,Central,Sea,Standard,Carrier E,312.7,74,9.19,11.70,2.51,979,0,4.92
SHP102623,04-12-2025,North,Sea,Standard,Carrier C,235,22,9.02,10.80,1.78,799,0,7.19
SHP102624,03-12-2025,Central,Road,Standard,Carrier E,501.4,124,4.91,4.05,0.00,2631,1,9.23
SHP102625,31-07-2025,South,Sea,Standard,Carrier E,1351.4,85,11.50,11.62,0.12,4146,1,8.66
SHP102626,24-12-2025,West,Road,Standard,Carrier A,1399.4,174,6.91,7.48,0.57,9360,1,6.91
SHP102627,02-01-2025,North,Road,Bulk,Carrier E,997.2,29,6.02,4.43,0.00,5306,1,9.3
SHP102628,14-08-2025,East,Sea,Standard,Carrier A,654.2,126,9.95,8.70,0.00,2395,1,9.74
SHP102629,15-01-2025,Central,Road,Standard,Carrier C,1026,111,6.08,6.56,0.48,6627,1,7.5
SHP102630,08-12-2025,East,Road,Bulk,Carrier E,824,54,5.63,6.52,0.89,4372,1,7.51
SHP102631,06-09-2025,West,Rail,Standard,Carrier D,674.2,47,7.00,4.88,0.00,2422,1,9.42
SHP102632,30-11-2025,North,Road,Standard,Carrier B,969,30,5.95,6.80,0.85,5875,1,8.07
SHP102633,25-07-2025,West,Road,Fragile,Carrier D,636.3,25,5.21,6.81,1.60,4838,0,6.15
SHP102634,31-01-2025,West,Road,Express,Carrier B,966.1,37,5.95,5.00,0.00,7631,1,7.55
SHP102635,10-01-2025,South,Rail,Standard,Carrier B,1061.4,27,7.86,8.03,0.17,3660,1,8.73
SHP102636,03-05-2025,West,Road,Express,Carrier E,1222.6,170,6.52,6.47,0.00,8558,1,7.36
SHP102637,29-09-2025,East,Road,Express,Carrier A,263.8,23,4.39,4.89,0.50,2137,1,7.34
SHP102638,25-02-2025,East,Air,Standard,Carrier E,1603.2,66,5.26,4.04,0.00,19890,1,5.63
SHP102639,08-11-2025,East,Road,Standard,Carrier C,757.8,80,5.48,5.14,0.00,4270,1,8.92
SHP102640,29-03-2025,North,Road,Standard,Carrier A,2213.9,76,8.72,8.66,0.00,9849,1,8.61
SHP102641,01-07-2025,West,Air,Fragile,Carrier D,1356.9,81,4.72,4.08,0.00,26141,1,4.65
SHP102642,16-03-2025,South,Air,Standard,Carrier A,459.7,112,2.72,4.51,1.79,7544,0,5.84
SHP102643,20-06-2025,North,Road,Standard,Carrier B,1128.5,45,6.31,7.44,1.13,6647,0,6.97
SHP102644,15-06-2025,North,Sea,Standard,Carrier B,1533.4,64,11.91,11.03,0.00,5164,1,8.18
SHP102645,02-01-2025,South,Air,Bulk,Carrier D,695.4,50,3.25,3.10,0.00,9949,1,7.34
SHP102646,27-07-2025,South,Road,Standard,Carrier B,437.5,141,4.77,6.17,1.40,2924,0,7.35
SHP102647,15-10-2025,West,Air,Standard,Carrier D,391.3,236,2.57,1.83,0.00,5910,1,7.76
SHP102648,08-12-2025,North,Air,Standard,Carrier A,306.6,28,2.38,3.76,1.38,4351,0,6.53
SHP102649,01-05-2025,North,Rail,Express,Carrier D,188.3,16,5.92,7.21,1.29,1016,0,7.51
SHP102650,18-11-2025,South,Rail,Standard,Carrier D,767.2,87,7.20,8.70,1.50,2914,0,7.22
SHP102651,17-11-2025,West,Air,Bulk,Carrier B,404.5,121,2.60,2.81,0.21,5577,1,7.38
SHP102652,27-12-2025,North,Sea,Standard,Carrier E,534.2,215,9.69,11.53,1.84,1982,0,6.7
SHP102653,17-05-2025,North,Rail,Standard,Carrier C,2245.4,97,10.49,10.29,0.00,8269,1,7.31
SHP102654,07-11-2025,West,Air,Standard,Carrier D,1064.4,149,4.07,6.92,2.86,17370,0,2.56
SHP102655,26-07-2025,South,Air,Standard,Carrier A,450.6,178,2.70,3.08,0.38,6769,1,8.23
SHP102656,22-01-2025,Central,Sea,Standard,Carrier E,2873.9,156,14.89,16.51,1.62,8222,0,5.97
SHP102657,09-04-2025,South,Sea,Fragile,Carrier B,961.4,107,10.64,10.67,0.03,3101,1,9.76
SHP102658,03-09-2025,North,Road,Standard,Carrier D,2722.8,26,9.85,10.82,0.97,15401,1,5.58
SHP102659,28-02-2025,South,Road,Express,Carrier A,1928.7,60,8.09,8.11,0.02,18492,1,6.82
SHP102660,08-06-2025,West,Rail,Standard,Carrier A,982.2,73,7.68,6.61,0.00,3374,1,9.27
SHP102661,10-10-2025,North,Road,Express,Carrier A,763.2,57,5.50,4.09,0.00,6292,1,8.34
SHP102662,24-02-2025,Central,Rail,Standard,Carrier E,1340.3,59,8.48,8.54,0.06,4817,1,7.79
SHP102663,01-07-2025,North,Air,Standard,Carrier B,930.7,167,3.77,5.44,1.67,10681,0,5.47
SHP102664,20-03-2025,West,Sea,Standard,Carrier E,602.8,37,9.84,7.73,0.00,1847,1,8.8
SHP102665,15-07-2025,South,Road,Bulk,Carrier C,579.2,101,5.09,4.77,0.00,2860,1,8.61
SHP102666,29-03-2025,South,Air,Bulk,Carrier A,1471.5,74,4.97,6.58,1.61,19082,0,4.3
SHP102667,19-12-2025,North,Road,Fragile,Carrier C,450,35,4.80,4.13,0.00,3564,1,8.01
SHP102668,28-01-2025,West,Road,Bulk,Carrier C,1459,30,7.04,8.48,1.44,7492,0,5.87
SHP102669,18-12-2025,North,Road,Standard,Carrier B,837.9,20,5.66,4.77,0.00,5059,1,8
SHP102670,17-10-2025,Central,Road,Standard,Carrier D,270.8,83,4.40,3.65,0.00,1512,1,9.01
SHP102671,09-11-2025,East,Road,Standard,Carrier E,1530.1,58,7.20,7.73,0.53,9595,1,6.71
SHP102672,07-11-2025,Central,Air,Bulk,Carrier E,457.8,35,2.72,5.17,2.45,5658,0,5
SHP102673,10-03-2025,North,Rail,Standard,Carrier C,498.9,18,6.61,6.27,0.00,1498,1,9.22
SHP102674,06-12-2025,East,Road,Standard,Carrier E,716.2,80,5.39,4.10,0.00,4567,1,8.39
SHP102675,05-08-2025,West,Road,Express,Carrier E,790.7,54,5.56,3.24,0.00,6976,1,8.24
SHP102676,18-12-2025,West,Road,Standard,Carrier A,986.2,38,5.99,7.06,1.07,6625,0,6.34
SHP102677,17-11-2025,Central,Sea,Express,Carrier D,1482.3,32,11.79,9.84,0.00,6874,1,7.8
SHP102678,31-07-2025,West,Sea,Standard,Carrier D,1452.5,52,11.73,13.09,1.37,4439,0,8.07
SHP102679,17-05-2025,Central,Road,Express,Carrier A,567.8,82,5.06,4.74,0.00,4761,1,8.22
SHP102680,12-02-2025,East,Road,Bulk,Carrier D,579.8,49,5.09,5.75,0.66,3314,1,6.86
SHP102681,06-02-2025,South,Road,Express,Carrier E,1386.8,28,6.88,6.62,0.00,9922,1,7.93
SHP102682,23-05-2025,West,Rail,Standard,Carrier B,406.4,58,6.40,5.48,0.00,1380,1,8.78
SHP102683,24-10-2025,North,Road,Standard,Carrier E,837.6,119,5.66,6.22,0.56,4841,1,8.03
SHP102684,04-07-2025,Central,Road,Standard,Carrier E,1843.5,62,7.90,6.82,0.00,12162,1,7.32
SHP102685,25-06-2025,East,Road,Standard,Carrier D,623.4,63,5.19,7.44,2.25,3457,0,6.31
SHP102686,31-03-2025,South,Road,Express,Carrier D,303.2,49,4.47,2.69,0.00,2583,1,8.91
SHP102687,26-07-2025,South,Road,Standard,Carrier C,457.9,34,4.82,5.42,0.60,2879,1,8.04
SHP102688,21-08-2025,South,Road,Standard,Carrier C,477.2,33,4.86,3.77,0.00,2895,1,9.55
SHP102689,25-12-2025,North,Rail,Standard,Carrier C,433.2,20,6.46,6.25,0.00,1434,1,7.94
SHP102690,24-09-2025,South,Road,Bulk,Carrier C,694.8,130,5.34,5.01,0.00,3778,1,8.04
SHP102691,10-08-2025,East,Road,Standard,Carrier C,2690.6,81,9.78,13.91,4.13,15021,0,1.28
SHP102692,29-11-2025,West,Rail,Standard,Carrier E,1110,64,7.97,7.95,0.00,4947,1,7.64
SHP102693,05-06-2025,East,Road,Standard,Carrier D,737.9,73,5.44,5.20,0.00,4826,1,8.33
SHP102694,08-12-2025,South,Air,Standard,Carrier B,778.5,75,3.43,3.02,0.00,10964,1,7.25
SHP102695,16-05-2025,West,Sea,Bulk,Carrier C,518.7,37,9.65,7.92,0.00,1518,1,9.68
SHP102696,16-02-2025,South,Road,Standard,Carrier B,776.7,49,5.53,5.44,0.00,4752,1,8.56
SHP102697,02-06-2025,Central,Sea,Express,Carrier A,1794.7,44,12.49,14.22,1.73,5730,0,6.17
SHP102698,16-02-2025,South,Rail,Express,Carrier B,855.4,309,7.40,7.19,0.00,4758,1,8.4
SHP102699,13-02-2025,South,Rail,Fragile,Carrier A,1447,117,8.72,10.20,1.49,7706,0,5.68
SHP102700,18-11-2025,South,Road,Express,Carrier E,1331.9,67,6.76,5.11,0.00,9650,1,8.28
SHP102701,18-10-2025,East,Road,Fragile,Carrier A,2616,147,9.61,10.43,0.82,18521,1,5.96
SHP102702,22-03-2025,South,Road,Standard,Carrier B,1317.2,135,6.73,7.06,0.33,6894,1,7.17
SHP102703,02-11-2025,West,Sea,Standard,Carrier B,2507.5,25,14.07,13.24,0.00,6202,1,9.26
SHP102704,26-01-2025,East,Rail,Express,Carrier B,1513.2,52,8.86,9.32,0.46,7040,1,7.28
SHP102705,14-04-2025,East,Road,Express,Carrier B,986.5,60,5.99,6.70,0.71,6834,1,6.96
SHP102706,15-09-2025,South,Road,Standard,Carrier D,490.1,90,4.89,5.61,0.72,2847,1,8.28
SHP102707,21-04-2025,South,Road,Standard,Carrier E,1441.8,52,7.00,6.93,0.00,9900,1,8.06
SHP102708,24-09-2025,North,Road,Standard,Carrier A,1516.8,57,7.17,8.83,1.65,8878,0,5.81
SHP102709,16-11-2025,South,Rail,Standard,Carrier B,1541.5,45,8.93,8.73,0.00,6228,1,8.17
SHP102710,25-01-2025,West,Road,Standard,Carrier C,128.9,119,4.09,3.69,0.00,1053,1,9.87
SHP102711,09-01-2025,North,Air,Standard,Carrier B,613.1,24,3.06,5.12,2.06,7948,0,5.16
SHP102712,10-12-2025,North,Rail,Standard,Carrier D,1101.2,46,7.95,7.07,0.00,3789,1,8.73
SHP102713,09-07-2025,South,Rail,Express,Carrier B,643.2,18,6.93,4.37,0.00,3497,1,9.75
SHP102714,04-07-2025,West,Air,Express,Carrier C,577,31,2.98,1.28,0.00,10631,1,6.89
SHP102715,19-06-2025,South,Road,Express,Carrier C,517.3,74,4.95,4.79,0.00,4414,1,8.41
SHP102716,08-06-2025,West,Rail,Express,Carrier B,276.3,75,6.11,6.89,0.78,1704,1,8.71
SHP102717,09-09-2025,South,Air,Standard,Carrier D,1065.1,49,4.07,3.41,0.00,13272,1,7.48
SHP102718,31-07-2025,Central,Road,Standard,Carrier D,551.4,125,5.03,7.41,2.39,3338,0,6.35
SHP102719,01-03-2025,West,Road,Express,Carrier C,624.1,145,5.19,4.52,0.00,5068,1,7.83
SHP102720,17-08-2025,South,Road,Fragile,Carrier C,738,58,5.44,5.76,0.32,5018,1,8.34
SHP102721,01-09-2025,South,Road,Express,Carrier E,1173.1,71,6.41,4.83,0.00,8752,1,7.78
SHP102722,11-02-2025,North,Road,Express,Carrier E,970,45,5.96,7.90,1.94,7257,0,7.01
SHP102723,18-05-2025,South,Road,Express,Carrier E,942.1,91,5.89,5.12,0.00,7481,1,8.6
SHP102724,16-10-2025,South,Rail,Express,Carrier A,170.7,28,5.88,3.75,0.00,922,1,9.23
SHP102725,14-08-2025,Central,Road,Express,Carrier E,1464.1,194,7.05,9.48,2.43,12753,0,4.4
SHP102726,19-02-2025,West,Road,Express,Carrier E,2132.6,127,8.54,8.29,0.00,16821,1,6.63
SHP102727,15-01-2025,South,Road,Standard,Carrier E,926.1,28,5.86,6.88,1.02,5994,0,7.51
SHP102728,01-08-2025,West,Road,Standard,Carrier D,396.9,36,4.68,6.62,1.93,2196,0,6.15
SHP102729,18-06-2025,South,Sea,Standard,Carrier B,586.8,79,9.80,10.61,0.81,1525,1,8.89
SHP102730,17-12-2025,Central,Road,Standard,Carrier D,408.8,48,4.71,6.13,1.42,2344,0,6.5
SHP102731,10-07-2025,South,Road,Fragile,Carrier C,1982.1,86,8.20,8.72,0.51,14802,1,6.41
SHP102732,06-12-2025,East,Road,Standard,Carrier E,621.9,48,5.18,6.73,1.54,4016,0,6.35
SHP102733,20-03-2025,East,Road,Standard,Carrier B,952.9,163,5.92,6.58,0.66,6484,1,7.52
SHP102734,13-06-2025,South,Rail,Fragile,Carrier D,718.9,61,7.10,7.52,0.43,3462,1,8.83
SHP102735,20-02-2025,South,Air,Standard,Carrier D,1139.9,291,4.23,4.47,0.24,18278,1,5.11
SHP102736,29-07-2025,North,Road,Fragile,Carrier E,469.1,89,4.84,5.14,0.29,3866,1,8.3
SHP102737,10-03-2025,Central,Rail,Standard,Carrier A,929.7,25,7.57,8.45,0.88,3202,1,6.97
SHP102738,29-06-2025,West,Road,Standard,Carrier E,625.8,234,5.19,5.77,0.58,3804,1,7.89
SHP102739,06-05-2025,West,Sea,Standard,Carrier B,1583,123,12.02,12.96,0.94,5895,1,6.45
SHP102740,09-03-2025,East,Rail,Standard,Carrier E,181.1,77,5.90,7.34,1.44,867,0,7.55
SHP102741,05-02-2025,East,Road,Standard,Carrier A,670.8,92,5.29,8.29,3.00,4202,0,4.72
SHP102742,06-07-2025,North,Rail,Standard,Carrier B,1491.8,28,8.82,10.43,1.61,6037,0,6.79
SHP102743,12-12-2025,West,Air,Standard,Carrier D,1387.2,19,4.78,4.54,0.00,17447,1,7.17
SHP102744,14-03-2025,East,Road,Standard,Carrier C,289.8,59,4.44,5.67,1.22,1671,0,7.6
SHP102745,28-05-2025,South,Sea,Fragile,Carrier D,1295.6,148,11.38,13.45,2.07,4115,0,6.61
SHP102746,23-03-2025,East,Sea,Standard,Carrier C,440.9,78,9.48,9.09,0.00,1407,1,9.93
SHP102747,23-10-2025,South,Road,Standard,Carrier A,529.4,183,4.98,7.39,2.42,3261,0,5.33
SHP102748,01-06-2025,South,Air,Standard,Carrier D,1442.3,142,4.91,4.11,0.00,21363,1,6.63
SHP102749,22-12-2025,East,Rail,Bulk,Carrier C,661.9,61,6.97,8.71,1.74,2100,0,6.86
SHP102750,31-03-2025,North,Road,Fragile,Carrier C,277,130,4.42,5.17,0.76,1829,1,7.61
SHP102751,30-01-2025,South,Road,Bulk,Carrier B,371.2,162,4.62,4.67,0.04,2250,1,9.14
SHP102752,01-08-2025,South,Sea,Bulk,Carrier E,843.9,57,10.38,8.98,0.00,1786,1,9.06
SHP102753,26-08-2025,West,Rail,Standard,Carrier D,647.9,53,6.94,7.98,1.04,2300,0,6.94
SHP102754,28-12-2025,East,Road,Express,Carrier A,640.2,66,5.22,3.74,0.00,4444,1,8.05
SHP102755,15-11-2025,South,Road,Standard,Carrier A,1127.7,13,6.31,4.75,0.00,5978,1,9.3
SHP102756,19-11-2025,South,Road,Bulk,Carrier A,1004.8,72,6.03,7.47,1.43,5241,0,6.89
SHP102757,20-08-2025,North,Sea,Standard,Carrier A,677.9,96,10.01,12.46,2.46,2293,0,6.76
SHP102758,12-05-2025,Central,Air,Standard,Carrier D,1401.5,66,4.81,4.35,0.00,17269,1,6.29
SHP102759,06-06-2025,South,Road,Bulk,Carrier D,1133.6,75,6.32,7.57,1.25,5468,0,6.48
SHP102760,18-02-2025,Central,Sea,Fragile,Carrier C,967.9,59,10.65,12.22,1.57,2848,0,6.04
SHP102761,07-06-2025,Central,Air,Bulk,Carrier C,583.6,16,3.00,3.19,0.19,6869,1,8.54
SHP102762,14-05-2025,North,Road,Standard,Carrier E,1537.3,178,7.22,9.15,1.94,9200,0,5.67
SHP102763,14-01-2025,East,Road,Standard,Carrier E,635.4,48,5.21,5.72,0.51,4019,1,7.87
SHP102764,16-03-2025,West,Rail,Standard,Carrier C,673,40,7.00,7.59,0.60,2046,1,7.88
SHP102765,15-07-2025,West,Road,Standard,Carrier C,2009.1,146,8.26,6.82,0.00,12557,1,7.93
SHP102766,15-05-2025,North,Road,Standard,Carrier C,456.7,114,4.81,3.82,0.00,2637,1,8.86
SHP102767,29-12-2025,East,Rail,Standard,Carrier E,452.6,72,6.51,8.55,2.04,1579,0,6.49
SHP102768,24-06-2025,East,Sea,Fragile,Carrier D,689.7,99,10.03,11.72,1.68,2584,0,6.53
SHP102769,16-12-2025,East,Road,Standard,Carrier B,394.6,28,4.68,5.21,0.54,2459,1,8.1
SHP102770,30-08-2025,Central,Sea,Express,Carrier E,401.4,57,9.39,11.19,1.79,1595,0,7.19
SHP102771,15-01-2025,North,Sea,Bulk,Carrier B,1974,140,12.89,15.47,2.58,4443,0,4.65
SHP102772,16-03-2025,East,Road,Express,Carrier D,682.7,39,5.32,5.82,0.51,5323,1,7.93
SHP102773,15-09-2025,Central,Road,Standard,Carrier E,987.8,32,6.00,4.62,0.00,5348,1,9.03
SHP102774,18-07-2025,South,Rail,Standard,Carrier E,307.9,64,6.18,6.16,0.00,1273,1,9.14
SHP102775,21-04-2025,South,Air,Standard,Carrier A,431.4,64,2.66,1.80,0.00,6985,1,8.82
SHP102776,10-07-2025,North,Road,Express,Carrier B,2139.7,92,8.55,8.36,0.00,18644,1,7.03
SHP102777,26-11-2025,East,Rail,Standard,Carrier D,397.1,25,6.38,6.01,0.00,1520,1,9.64
SHP102778,22-05-2025,North,Rail,Standard,Carrier A,1007.1,12,7.74,6.76,0.00,4169,1,8.41
SHP102779,17-01-2025,East,Air,Bulk,Carrier A,123.8,110,1.98,0.50,0.00,1626,1,9.11
SHP102780,24-04-2025,South,Air,Express,Carrier B,293,30,2.35,1.94,0.00,6817,1,8.45
SHP102781,08-12-2025,North,Road,Fragile,Carrier C,675.7,41,5.30,3.41,0.00,4377,1,8.41
SHP102782,06-10-2025,West,Road,Standard,Carrier A,1375.6,15,6.86,6.49,0.00,6375,1,8.06
SHP102783,02-11-2025,South,Road,Bulk,Carrier A,814.6,117,5.61,6.51,0.90,4754,1,7.17
SHP102784,29-11-2025,Central,Sea,Standard,Carrier B,714.5,76,10.09,9.56,0.00,2011,1,10
SHP102785,12-02-2025,South,Sea,Standard,Carrier C,1190,74,11.14,10.00,0.00,3480,1,8.67
SHP102786,14-04-2025,Central,Air,Bulk,Carrier C,921.2,73,3.75,3.97,0.22,10435,1,7.97
SHP102787,22-01-2025,South,Road,Bulk,Carrier D,244.4,16,4.34,3.49,0.00,1533,1,8.67
SHP102788,02-01-2025,Central,Rail,Standard,Carrier E,781.5,32,7.24,7.75,0.51,3458,1,9.12
SHP102789,01-11-2025,West,Road,Standard,Carrier A,591.7,45,5.11,3.93,0.00,4017,1,8.52
SHP102790,08-12-2025,South,Road,Standard,Carrier D,697.8,37,5.35,5.33,0.00,4151,1,8.74
SHP102791,26-02-2025,South,Road,Fragile,Carrier A,580.8,51,5.09,5.14,0.05,4592,1,7.56
SHP102792,21-09-2025,South,Air,Fragile,Carrier B,788,71,3.45,3.89,0.44,13958,1,7.14
SHP102793,15-07-2025,West,Road,Standard,Carrier B,1028.4,116,6.09,7.97,1.88,6827,0,6.64
SHP102794,26-01-2025,East,Rail,Standard,Carrier D,333.1,23,6.24,7.17,0.93,1214,1,7.38
SHP102795,01-12-2025,North,Sea,Express,Carrier B,505.7,60,9.62,9.90,0.28,2302,1,9.31
SHP102796,15-11-2025,North,Rail,Express,Carrier E,1166.4,96,8.09,7.07,0.00,5726,1,7.71
SHP102797,27-07-2025,West,Road,Standard,Carrier B,1257.2,33,6.59,6.85,0.26,7086,1,8.25
SHP102798,16-09-2025,West,Sea,Express,Carrier E,1805.8,53,12.51,11.50,0.00,6620,1,8.14
SHP102799,25-05-2025,West,Rail,Bulk,Carrier E,824.9,82,7.33,7.37,0.03,2797,1,9.63
SHP102800,17-10-2025,North,Road,Standard,Carrier C,487.1,61,4.88,6.03,1.15,2846,0,7.63
SHP102801,12-06-2025,East,Rail,Express,Carrier A,511.4,94,6.64,6.06,0.00,2866,1,9.43
SHP102802,28-12-2025,Central,Sea,Express,Carrier D,808.5,64,10.30,9.44,0.00,3040,1,9.57
SHP102803,24-01-2025,North,Road,Standard,Carrier C,430.4,49,4.76,4.60,0.00,2785,1,8.78
SHP102804,04-03-2025,South,Road,Bulk,Carrier B,1731.3,28,7.65,7.17,0.00,9993,1,7.72
SHP102805,20-12-2025,South,Road,Express,Carrier C,578.3,71,5.09,4.68,0.00,4673,1,8.01
SHP102806,16-04-2025,West,Road,Standard,Carrier B,1586,64,7.32,6.91,0.00,11340,1,7.34
SHP102807,24-04-2025,North,Air,Standard,Carrier B,394.4,32,2.58,4.70,2.12,6398,0,6.74
SHP102808,16-10-2025,Central,Road,Express,Carrier E,699.6,88,5.35,8.04,2.68,6746,0,5.34
SHP102809,11-03-2025,West,Road,Standard,Carrier B,634,138,5.21,4.56,0.00,3772,1,8.2
SHP102810,07-07-2025,West,Road,Standard,Carrier C,302.3,39,4.47,4.81,0.34,1534,1,9.62
SHP102811,15-04-2025,East,Road,Standard,Carrier D,665.6,38,5.28,7.17,1.89,3625,0,6.64
SHP102812,14-03-2025,South,Road,Express,Carrier B,919.2,37,5.84,4.94,0.00,6822,1,8.72
SHP102813,18-12-2025,East,Rail,Bulk,Carrier D,173.3,20,5.89,5.44,0.00,519,1,9.58
SHP102814,14-03-2025,South,Road,Express,Carrier E,1087.3,222,6.22,7.62,1.40,6842,0,6.74
SHP102815,04-02-2025,West,Road,Fragile,Carrier E,968.2,45,5.95,7.09,1.14,7623,0,5.61
SHP102816,03-09-2025,Central,Sea,Standard,Carrier A,776.4,35,10.23,10.89,0.67,1840,1,8.87
SHP102817,13-11-2025,East,Sea,Standard,Carrier C,1222.8,29,11.22,13.59,2.37,3780,0,4.57
SHP102818,16-02-2025,East,Road,Bulk,Carrier A,1274.4,47,6.63,8.22,1.59,7844,0,6.67
SHP102819,16-09-2025,North,Road,Standard,Carrier D,3000,38,10.47,10.81,0.34,16077,1,6.34
SHP102820,17-07-2025,East,Road,Fragile,Carrier B,292.3,154,4.45,4.38,0.00,2372,1,9.46
SHP102821,30-10-2025,West,Road,Standard,Carrier E,1886.5,27,7.99,7.42,0.00,10533,1,7.73
SHP102822,16-02-2025,West,Road,Standard,Carrier A,1417.8,22,6.95,8.34,1.39,8931,0,6.75
SHP102823,23-12-2025,South,Sea,Express,Carrier E,967.7,86,10.65,10.83,0.18,3293,1,8.63
SHP102824,14-08-2025,South,Air,Standard,Carrier B,399.3,56,2.59,2.47,0.00,5761,1,8.59
SHP102825,04-11-2025,West,Road,Standard,Carrier E,604.9,52,5.14,7.18,2.03,3995,0,6.42
SHP102826,13-05-2025,South,Sea,Standard,Carrier A,551.1,87,9.72,9.64,0.00,1685,1,10
SHP102827,11-12-2025,East,Road,Standard,Carrier B,726.9,66,5.42,7.25,1.84,3601,0,6.84
SHP102828,17-08-2025,East,Road,Standard,Carrier B,1193.7,59,6.45,7.41,0.95,7905,1,6.17
SHP102829,16-02-2025,Central,Road,Bulk,Carrier E,1674.2,24,7.52,10.04,2.52,7311,0,4.72
SHP102830,03-12-2025,South,Road,Standard,Carrier D,2214.6,20,8.72,9.69,0.97,12971,1,6.36
SHP102831,18-10-2025,Central,Sea,Fragile,Carrier E,608,38,9.85,10.55,0.70,2250,1,8.84
SHP102832,20-04-2025,South,Road,Express,Carrier C,874.9,30,5.74,4.94,0.00,6969,1,7.84
SHP102833,19-07-2025,North,Rail,Standard,Carrier D,449.5,72,6.50,6.88,0.38,2226,1,9.78
SHP102834,22-05-2025,East,Road,Standard,Carrier D,1457.5,19,7.04,6.90,0.00,9102,1,7.98
SHP102835,18-07-2025,South,Sea,Bulk,Carrier D,1006.1,45,10.74,9.26,0.00,2418,1,9.23
SHP102836,19-12-2025,South,Rail,Express,Carrier E,684.9,54,7.02,6.78,0.00,3686,1,8.1
SHP102837,25-11-2025,South,Road,Bulk,Carrier E,280.6,59,4.42,3.91,0.00,1501,1,9.76
SHP102838,20-03-2025,West,Road,Standard,Carrier C,882.5,78,5.76,5.14,0.00,5248,1,8.28
SHP102839,21-12-2025,East,Sea,Express,Carrier C,940.7,49,10.59,10.49,0.00,3722,1,8.37
SHP102840,09-06-2025,South,Road,Fragile,Carrier D,228.6,39,4.31,4.82,0.51,1631,1,8.32
SHP102841,15-09-2025,South,Road,Bulk,Carrier D,336.6,135,4.55,4.66,0.11,1872,1,9.71
SHP102842,06-10-2025,West,Sea,Standard,Carrier E,869.1,49,10.43,12.43,2.00,2372,0,6.76
SHP102843,26-06-2025,South,Road,Bulk,Carrier D,2098.5,152,8.46,9.33,0.86,8609,1,6.4
SHP102844,16-06-2025,East,Road,Standard,Carrier E,1550.7,49,7.25,10.37,3.12,10084,0,3.52
SHP102845,16-06-2025,Central,Road,Fragile,Carrier D,697.3,60,5.35,5.49,0.15,4760,1,9.2
SHP102846,11-11-2025,East,Road,Standard,Carrier E,632.3,55,5.21,6.81,1.60,3837,0,6.63
SHP102847,22-05-2025,Central,Road,Express,Carrier D,495.9,70,4.90,4.06,0.00,3716,1,9.09
SHP102848,13-04-2025,West,Road,Standard,Carrier E,463.3,46,4.83,4.18,0.00,2535,1,9.42
SHP102849,12-05-2025,East,Road,Fragile,Carrier A,661.9,64,5.27,8.79,3.52,4328,0,2.4
SHP102850,13-03-2025,South,Road,Standard,Carrier E,2479.9,163,9.31,8.53,0.00,16069,1,7.42
SHP102851,23-05-2025,South,Road,Standard,Carrier B,629.3,119,5.20,2.73,0.00,4211,1,8.23
SHP102852,11-02-2025,West,Sea,Express,Carrier D,788.7,120,10.25,8.74,0.00,3242,1,8.66
SHP102853,02-02-2025,South,Rail,Express,Carrier B,352.2,25,6.28,3.37,0.00,1710,1,9.96
SHP102854,22-09-2025,Central,Road,Standard,Carrier C,1113,28,6.27,5.48,0.00,5416,1,9.29
SHP102855,29-01-2025,West,Road,Express,Carrier D,780.2,70,5.53,3.85,0.00,6696,1,8.56
SHP102856,27-07-2025,Central,Rail,Standard,Carrier C,605.9,100,6.85,7.19,0.34,2198,1,9.01
SHP102857,12-10-2025,North,Road,Express,Carrier D,408.4,43,4.71,2.05,0.00,2923,1,9.45
SHP102858,22-09-2025,North,Road,Express,Carrier A,477.9,38,4.86,5.94,1.08,3809,0,8.21
SHP102859,12-06-2025,East,Rail,Express,Carrier E,580.3,149,6.79,4.63,0.00,3123,1,9.74
SHP102860,12-03-2025,South,Road,Fragile,Carrier C,604.1,94,5.14,5.45,0.30,3721,1,8.46
SHP102861,06-12-2025,West,Air,Standard,Carrier D,405.8,120,2.60,2.23,0.00,5227,1,8.12
SHP102862,01-11-2025,West,Sea,Standard,Carrier B,735.3,45,10.13,11.08,0.95,2210,1,7.7
SHP102863,12-08-2025,Central,Air,Express,Carrier C,895.4,43,3.69,3.69,0.00,16447,1,6.72
SHP102864,01-02-2025,East,Road,Standard,Carrier C,1235.6,112,6.55,8.61,2.06,7690,0,5.51
SHP102865,13-01-2025,South,Road,Standard,Carrier A,2028.6,51,8.31,7.99,0.00,12029,1,6.84
SHP102866,26-04-2025,North,Road,Fragile,Carrier C,225.1,41,4.30,4.52,0.22,1835,1,9.06
SHP102867,27-02-2025,West,Air,Standard,Carrier D,979.3,33,3.88,4.35,0.47,13071,1,5.77
SHP102868,11-11-2025,South,Sea,Standard,Carrier E,648.6,43,9.94,11.22,1.28,1912,0,7.52
SHP102869,17-03-2025,North,Sea,Bulk,Carrier E,186.7,107,8.91,10.26,1.35,657,0,7.69
SHP102870,14-04-2025,North,Road,Standard,Carrier B,519.1,23,4.95,5.72,0.77,2858,1,8.02
SHP102871,23-12-2025,South,Sea,Standard,Carrier D,1158.1,91,11.07,11.44,0.37,3783,1,8.78
SHP102872,26-10-2025,West,Road,Standard,Carrier A,1067.4,38,6.17,6.13,0.00,5225,1,8.92
SHP102873,21-03-2025,South,Air,Standard,Carrier E,843.7,53,3.57,4.15,0.57,11294,1,8.03
SHP102874,20-05-2025,West,Road,Express,Carrier E,485.6,55,4.88,6.52,1.64,3200,0,6.53
SHP102875,08-07-2025,South,Road,Fragile,Carrier E,1711.9,52,7.60,7.78,0.17,11276,1,7.46
SHP102876,31-08-2025,East,Road,Express,Carrier C,374,50,4.63,4.21,0.00,2947,1,9.03
SHP102877,08-12-2025,South,Sea,Standard,Carrier B,611.4,45,9.86,9.45,0.00,1928,1,9.17
SHP102878,14-11-2025,Central,Road,Standard,Carrier D,682.9,42,5.32,6.07,0.75,3980,1,7.11
SHP102879,23-12-2025,South,Road,Standard,Carrier D,744.4,142,5.45,3.11,0.00,4365,1,8.02
SHP102880,15-01-2025,West,Road,Express,Carrier B,2762,61,9.94,9.08,0.00,18376,1,6.34
SHP102881,28-03-2025,North,Road,Express,Carrier C,1927.8,56,8.08,8.80,0.71,13364,1,5.41
SHP102882,25-07-2025,South,Sea,Standard,Carrier D,1046.6,40,10.83,10.32,0.00,3088,1,8.7
SHP102883,18-01-2025,North,Road,Fragile,Carrier C,783.7,46,5.54,6.51,0.96,6099,1,6.82
SHP102884,10-05-2025,East,Road,Fragile,Carrier B,778.2,40,5.53,9.01,3.48,5342,0,4
SHP102885,26-02-2025,Central,Air,Standard,Carrier B,1210.3,99,4.39,5.07,0.68,19809,1,5.87
SHP102886,07-12-2025,North,Road,Express,Carrier C,1517.1,37,7.17,4.30,0.00,10804,1,7.01
SHP102887,24-01-2025,South,Road,Express,Carrier B,368.3,14,4.62,2.40,0.00,2800,1,9.41
SHP102888,24-02-2025,East,Road,Standard,Carrier B,2040.1,63,8.33,8.74,0.41,11570,1,6.64
SHP102889,13-03-2025,West,Road,Standard,Carrier A,1015.1,50,6.06,5.13,0.00,6835,1,8.02
SHP102890,24-02-2025,South,Road,Express,Carrier B,549.6,41,5.02,4.54,0.00,4424,1,8.92
SHP102891,27-07-2025,East,Road,Bulk,Carrier D,717.6,109,5.39,5.76,0.36,3168,1,8.27
SHP102892,13-05-2025,West,Road,Express,Carrier B,1048.7,10,6.13,6.77,0.64,9002,1,6.61
SHP102893,30-11-2025,West,Air,Express,Carrier A,1080.1,168,4.10,2.15,0.00,25409,1,4.96
SHP102894,06-04-2025,North,Sea,Express,Carrier E,410.1,120,9.41,8.87,0.00,1773,1,8.13
SHP102895,16-07-2025,North,Sea,Standard,Carrier C,759.3,40,10.19,10.84,0.65,1999,1,8.46
SHP102896,29-08-2025,South,Road,Standard,Carrier C,893.5,45,5.79,6.28,0.49,5687,1,6.13
SHP102897,17-08-2025,East,Road,Standard,Carrier C,1531.2,84,7.20,8.07,0.87,10694,1,7.02
SHP102898,18-10-2025,South,Sea,Bulk,Carrier C,1631.5,85,12.13,9.45,0.00,4332,1,9.02
SHP102899,15-03-2025,East,Air,Fragile,Carrier C,340.8,40,2.46,3.60,1.15,5104,0,8
SHP102900,05-07-2025,East,Road,Bulk,Carrier D,808.5,21,5.60,6.12,0.53,4377,1,9.21
SHP102901,20-10-2025,East,Road,Standard,Carrier E,531.2,238,4.98,6.67,1.69,3710,0,7.18
SHP102902,12-11-2025,South,Road,Standard,Carrier E,1033.9,112,6.10,7.03,0.93,5538,1,6.97
SHP102903,14-08-2025,South,Road,Express,Carrier C,2678.1,67,9.75,9.43,0.00,23771,1,6.63
SHP102904,26-08-2025,North,Road,Standard,Carrier B,1423.7,68,6.96,7.72,0.76,8722,1,6.34
SHP102905,12-11-2025,West,Road,Standard,Carrier A,1090.5,90,6.22,7.78,1.56,7277,0,5.2
SHP102906,17-08-2025,Central,Sea,Fragile,Carrier C,1280.3,98,11.35,13.32,1.97,4062,0,7.28
SHP102907,13-12-2025,North,Rail,Express,Carrier E,1845.3,16,9.60,9.62,0.02,9618,1,8.11
SHP102908,16-02-2025,Central,Rail,Express,Carrier B,1347.4,48,8.49,10.56,2.07,6196,0,4.75
SHP102909,07-05-2025,South,Road,Standard,Carrier E,379.7,45,4.64,4.02,0.00,2301,1,8.27
SHP102910,10-02-2025,North,Air,Standard,Carrier D,2132.9,54,6.44,5.48,0.00,35589,1,3.77
SHP102911,03-02-2025,South,Air,Standard,Carrier D,858.8,100,3.61,3.70,0.09,10761,1,7.02
SHP102912,22-06-2025,East,Road,Standard,Carrier C,1008.7,19,6.04,6.31,0.27,5090,1,7.81
SHP102913,24-03-2025,South,Rail,Standard,Carrier D,1630.3,25,9.12,6.39,0.00,6661,1,9.37
SHP102914,29-05-2025,South,Rail,Standard,Carrier A,2600.1,39,11.28,10.63,0.00,9643,1,8.97
SHP102915,09-06-2025,East,Sea,Bulk,Carrier A,609.9,67,9.86,10.95,1.10,1746,0,7.82
SHP102916,15-08-2025,West,Road,Standard,Carrier A,1576.7,104,7.30,7.24,0.00,8606,1,7.88
SHP102917,12-12-2025,South,Sea,Standard,Carrier D,586.2,174,9.80,9.01,0.00,1902,1,9.58
SHP102918,07-11-2025,South,Road,Standard,Carrier C,958.1,50,5.93,6.08,0.15,6013,1,7.9
SHP102919,19-05-2025,West,Road,Express,Carrier B,303.2,104,4.47,3.92,0.00,2648,1,7.73
SHP102920,29-04-2025,North,Road,Standard,Carrier A,588.3,96,5.11,6.33,1.22,2910,0,5.87
SHP102921,09-10-2025,South,Road,Standard,Carrier C,928.6,86,5.86,5.23,0.00,7038,1,8.19
SHP102922,15-02-2025,West,Road,Standard,Carrier B,1126.7,59,6.30,7.31,1.00,6730,0,7.51
SHP102923,17-07-2025,South,Road,Standard,Carrier A,1087.9,47,6.22,5.06,0.00,5522,1,8.49
SHP102924,04-06-2025,West,Air,Express,Carrier A,1456.4,30,4.94,3.66,0.00,29465,1,4.93
SHP102925,08-03-2025,North,Road,Standard,Carrier D,644.2,29,5.23,7.59,2.35,3949,0,6.3
SHP102926,14-08-2025,South,Sea,Standard,Carrier D,765.8,76,10.20,9.12,0.00,2483,1,9.75
SHP102927,28-04-2025,South,Road,Fragile,Carrier B,789.2,58,5.55,5.25,0.00,6158,1,8.48
SHP102928,09-03-2025,South,Rail,Standard,Carrier C,674.7,46,7.00,5.66,0.00,2535,1,9.13
SHP102929,27-08-2025,South,Sea,Express,Carrier B,456.9,93,9.52,7.96,0.00,1543,1,9.12
SHP102930,05-03-2025,North,Sea,Standard,Carrier C,862.4,53,10.42,10.98,0.56,2608,1,8.12
SHP102931,03-09-2025,Central,Rail,Express,Carrier A,1315.5,33,8.42,8.84,0.41,5529,1,7.1
SHP102932,01-03-2025,East,Air,Standard,Carrier E,996.1,51,3.91,4.59,0.68,16277,1,6.48
SHP102933,08-06-2025,North,Road,Standard,Carrier D,622.8,103,5.18,5.21,0.03,3511,1,8.57
SHP102934,22-10-2025,West,Road,Standard,Carrier E,872.9,31,5.74,4.31,0.00,5424,1,8.25
SHP102935,25-03-2025,West,Road,Bulk,Carrier B,598.9,69,5.13,4.29,0.00,2895,1,8.62
SHP102936,08-10-2025,East,Road,Standard,Carrier E,1144,58,6.34,5.26,0.00,6388,1,7.6
SHP102937,21-09-2025,South,Road,Bulk,Carrier C,1341.7,37,6.78,7.73,0.95,6222,1,7.13
SHP102938,26-11-2025,North,Road,Bulk,Carrier A,1361.1,50,6.82,8.15,1.33,7353,0,6.8
SHP102939,03-03-2025,North,Sea,Standard,Carrier B,716.9,22,10.09,10.45,0.35,1927,1,8.25
SHP102940,19-09-2025,South,Sea,Standard,Carrier E,607,65,9.85,10.46,0.61,1887,1,8.9
SHP102941,08-12-2025,North,Air,Standard,Carrier D,1456.4,25,4.94,6.34,1.41,19882,0,4.12
SHP102942,06-10-2025,Central,Air,Bulk,Carrier D,683,121,3.22,3.63,0.42,8449,1,6.63
SHP102943,10-03-2025,Central,Road,Express,Carrier B,864.3,57,5.72,6.92,1.20,6847,0,7.51
SHP102944,28-10-2025,South,Road,Standard,Carrier D,989.7,42,6.00,4.92,0.00,5893,1,8.53
SHP102945,09-02-2025,North,Rail,Standard,Carrier E,821,128,7.32,7.32,0.00,2895,1,9.39
SHP102946,03-08-2025,North,Rail,Fragile,Carrier A,1243.3,31,8.26,8.47,0.21,6033,1,8.62
SHP102947,01-07-2025,North,Road,Standard,Carrier B,325.6,37,4.52,5.67,1.14,1881,0,7.14
SHP102948,13-07-2025,West,Road,Standard,Carrier A,1081,18,6.20,4.55,0.00,6638,1,8.01
SHP102949,09-07-2025,South,Road,Standard,Carrier A,497.8,141,4.91,6.67,1.77,3136,0,7.24
SHP102950,12-01-2025,East,Road,Standard,Carrier E,637.2,204,5.22,6.56,1.35,4201,0,8.03
SHP102951,05-07-2025,Central,Road,Bulk,Carrier B,915.7,20,5.83,8.15,2.31,4423,0,5.81
SHP102952,08-12-2025,West,Road,Fragile,Carrier A,275.4,36,4.41,4.72,0.30,1834,1,8.37
SHP102953,09-06-2025,West,Rail,Standard,Carrier A,741.1,63,7.15,6.51,0.00,2955,1,9.83
SHP102954,12-04-2025,West,Sea,Standard,Carrier E,665.2,43,9.98,10.73,0.76,1820,1,7.81
SHP102955,30-12-2025,North,Road,Fragile,Carrier C,766.2,59,5.50,7.44,1.94,6326,0,6.11
SHP102956,06-02-2025,South,Air,Standard,Carrier D,642.7,56,3.13,2.41,0.00,9442,1,7.59
SHP102957,27-06-2025,West,Air,Standard,Carrier B,867.8,79,3.63,1.33,0.00,11024,1,7.71
SHP102958,07-07-2025,South,Road,Standard,Carrier D,585.4,32,5.10,3.10,0.00,3254,1,8.34
SHP102959,24-06-2025,East,Rail,Express,Carrier E,801.9,68,7.28,7.58,0.30,3713,1,8.2
SHP102960,03-12-2025,North,Road,Bulk,Carrier D,914.4,29,5.83,8.00,2.17,5095,0,5.49
SHP102961,03-06-2025,North,Rail,Express,Carrier C,1487.8,46,8.81,7.01,0.00,8067,1,8.42
SHP102962,22-12-2025,North,Road,Standard,Carrier B,1682.3,20,7.54,7.63,0.09,9714,1,7.76
SHP102963,25-01-2025,Central,Sea,Express,Carrier B,343.3,46,9.26,8.46,0.00,1431,1,9.65
SHP102964,25-09-2025,South,Sea,Standard,Carrier C,1556.2,42,11.96,14.27,2.31,4399,0,5.33
SHP102965,05-08-2025,South,Road,Bulk,Carrier C,455.1,111,4.81,7.51,2.70,2575,0,5.48
SHP102966,29-03-2025,South,Road,Standard,Carrier A,805.9,58,5.59,6.18,0.59,4974,1,8.18
SHP102967,25-03-2025,West,Road,Standard,Carrier A,287.3,65,4.44,5.47,1.03,1863,0,8.27
SHP102968,20-09-2025,Central,Air,Standard,Carrier C,207.2,59,2.16,3.46,1.30,3057,0,6.47
SHP102969,21-08-2025,South,Rail,Standard,Carrier A,2584.7,15,11.24,9.87,0.00,8982,1,8.08
SHP102970,12-08-2025,Central,Road,Standard,Carrier C,819.1,16,5.62,6.72,1.10,5094,0,6.72
SHP102971,19-01-2025,South,Air,Express,Carrier B,712.8,49,3.28,1.51,0.00,16157,1,7.21
SHP102972,07-08-2025,West,Road,Fragile,Carrier B,979.3,72,5.98,6.13,0.15,7847,1,8.92
SHP102973,25-12-2025,South,Road,Fragile,Carrier A,723.2,52,5.41,7.17,1.76,5980,0,4.77
SHP102974,07-01-2025,North,Road,Standard,Carrier C,1332.1,34,6.76,7.25,0.49,7894,1,7.11
SHP102975,21-06-2025,West,Road,Standard,Carrier A,946.5,52,5.90,7.17,1.27,5068,0,7.12
SHP102976,30-06-2025,West,Road,Standard,Carrier D,1206.1,49,6.48,7.97,1.49,6468,0,6.45
SHP102977,24-11-2025,South,Road,Standard,Carrier E,501.1,100,4.91,2.99,0.00,3459,1,9.34
SHP102978,14-04-2025,East,Road,Standard,Carrier E,313,97,4.50,2.69,0.00,1672,1,9.16
SHP102979,23-06-2025,Central,Sea,Bulk,Carrier D,1422.3,42,11.66,13.30,1.64,3977,0,6.4
SHP102980,19-09-2025,North,Road,Bulk,Carrier E,1004.8,58,6.03,7.82,1.78,4670,0,5.83
SHP102981,23-01-2025,West,Sea,Standard,Carrier E,380.2,72,9.34,9.64,0.30,1343,1,8.15
SHP102982,20-10-2025,East,Rail,Fragile,Carrier D,384.3,80,6.35,7.86,1.50,1816,0,6.81
SHP102983,28-10-2025,South,Air,Express,Carrier B,879.2,177,3.65,4.08,0.43,18771,1,5.43
SHP102984,20-09-2025,Central,Road,Standard,Carrier C,1150.5,59,6.36,7.66,1.31,8356,0,6.59
SHP102985,25-08-2025,North,Air,Express,Carrier E,453,129,2.71,2.06,0.00,8755,1,7.85
SHP102986,30-09-2025,East,Road,Standard,Carrier D,1898.4,28,8.02,9.82,1.80,10682,0,5.01
SHP102987,13-10-2025,South,Road,Standard,Carrier B,1240.5,40,6.56,6.26,0.00,6745,1,7.72
SHP102988,26-11-2025,North,Road,Bulk,Carrier A,1482,15,7.09,7.77,0.68,6665,1,7.05
SHP102989,06-06-2025,West,Road,Express,Carrier A,865.6,67,5.72,5.25,0.00,6645,1,7.98
SHP102990,16-06-2025,West,Sea,Standard,Carrier B,822,92,10.33,9.34,0.00,2346,1,8.6
SHP102991,21-08-2025,East,Sea,Standard,Carrier E,358.9,11,9.30,9.14,0.00,895,1,9.62
SHP102992,12-03-2025,Central,Air,Bulk,Carrier C,503.9,68,2.82,5.69,2.87,6299,0,5.52
SHP102993,09-11-2025,South,Road,Standard,Carrier A,760.6,89,5.49,4.56,0.00,4788,1,7.96
SHP102994,09-10-2025,South,Sea,Bulk,Carrier E,1020.6,86,10.77,11.29,0.53,2401,1,8.96
SHP102995,19-08-2025,North,Air,Bulk,Carrier C,913.4,28,3.73,4.80,1.07,11258,0,6.57
SHP102996,21-04-2025,North,Road,Standard,Carrier B,228.9,100,4.31,4.65,0.34,1676,1,8.8
SHP102997,07-05-2025,North,Road,Express,Carrier E,437.2,61,4.77,5.24,0.47,3063,1,9.14
SHP102998,08-06-2025,East,Rail,Express,Carrier B,949.3,89,7.61,7.99,0.38,5802,1,7.87
SHP102999,30-08-2025,East,Road,Fragile,Carrier D,1036.1,56,6.10,6.15,0.05,6911,1,8.41
